Template;Variant;Screen Name;Stance;SCM Shop;LoA;Equipment Type;Excluded;Item Set;Item Type;Rarity;Req. Stat
bd_ch_f_g_c_avg;base;Thick Chain;Fighter;v_f_bd_n;;armor;;;bd;;str
bd_ch_f_g_c_avg;c_fin;Thick Chain;Fighter;v_f_bd_n;;armor;;;bd;;str
bd_ch_f_g_c_avg;c_str;Thick Chain;Fighter;v_f_bd_n;;armor;;;bd;;str
bd_ch_f_g_c_avg;o_fin;Thick Chain;Fighter;v_f_bd_n;;armor;;;bd;;str
bd_ch_f_g_c_fun;base;Rusty Chain;Fighter;v_f_bd_n;;armor;;;bd;;str
bd_ch_f_g_c_low;base;Stiff Chain;Fighter;v_f_bd_n;;armor;;;bd;;str
bd_ch_m_g_c_avg;base;Thin Chain;Mage;v_m_bd_n;;armor;;;bd;;str
bd_ch_m_g_c_avg;c_fin;Thin Chain;Mage;v_m_bd_n;;armor;;;bd;;str
bd_ch_m_g_c_avg;c_mag;Thin Chain;Mage;v_m_bd_n;;armor;;;bd;;str
bd_ch_m_g_c_avg;c_str;Thin Chain;Mage;v_m_bd_n;;armor;;;bd;;str
bd_ch_m_g_c_avg;o_avg;Thin Chain;Mage;v_m_bd_n;;armor;;;bd;;str
bd_ch_m_g_c_avg;o_fin;Thin Chain;Mage;v_m_bd_n;;armor;;;bd;;str
bd_ch_m_g_c_avg;o_mag;Thin Chain;Mage;v_m_bd_n;;armor;;;bd;;str
bd_ch_m_g_c_avg;o_str;Thin Chain;Mage;v_m_bd_n;;armor;;;bd;;str
bd_ch_r_g_c_avg;base;Chain Mail;Ranger;v_r_bd_n;;armor;;;bd;;str
bd_ch_r_g_c_avg;c_fin;Chain Mail;Ranger;v_r_bd_n;;armor;;;bd;;str
bd_ch_r_g_c_avg;c_mag;Chain Mail;Ranger;v_r_bd_n;;armor;;;bd;;str
bd_ch_r_g_c_avg;c_str;Chain Mail;Ranger;v_r_bd_n;;armor;;;bd;;str
bd_ch_r_g_c_avg;o_avg;Chain Mail;Ranger;v_r_bd_n;;armor;;;bd;;str
bd_ch_r_g_c_avg;o_fin;Chain Mail;Ranger;v_r_bd_n;;armor;;;bd;;str
bd_ch_r_g_c_avg;o_mag;Chain Mail;Ranger;v_r_bd_n;;armor;;;bd;;str
bd_ch_r_g_c_avg;o_str;Chain Mail;Ranger;v_r_bd_n;;armor;;;bd;;str
bd_ch_r_g_c_fun;base;Tarnished Chain Mail;Ranger;v_r_bd_n;;armor;;;bd;;str
bd_ra_ch_m_g_c_fin;base;Solar Chain;Mage;v_m_bd_s;;armor;;;bd;rare;str
bd_ra_ch_m_g_c_fin;o_avg;Solar Chain;Mage;v_m_bd_s;;armor;;;bd;rare;str
bd_ra_ch_m_g_c_fin;o_fin;Solar Chain;Mage;v_m_bd_s;;armor;;;bd;rare;str
bd_ra_ch_r_g_o_fin;base;Dragon Weave;Ranger;v_r_amr_s;;armor;;;bd;rare;str
bd_ra_ch_r_g_o_fin;c_str;Dragon Weave;Ranger;v_r_amr_s;;armor;;;bd;rare;str
bd_ra_ch_r_g_o_fin;o_mag;Dragon Weave;Ranger;v_r_amr_s;;armor;;;bd;rare;str
bd_ra_sc_f_g_o_mag;base;Blood Scale;Fighter;v_f_bd_s;;armor;;;bd;rare;str
bd_ra_sc_m_g_c_fin;base;Shadow Scale;Mage;v_m_bd_s;;armor;;;bd;rare;str
bd_ra_sc_m_g_c_fin;c_mag;Shadow Scale;Mage;v_m_bd_s;;armor;;;bd;rare;str
bd_ra_sc_m_g_c_fin;o_fin;Shadow Scale;Mage;v_m_bd_s;;armor;;;bd;rare;str
bd_ra_sc_r_g_c_fin;base;Noble Scale;Ranger;v_r_amr_s;;armor;;;bd;rare;str
bd_ra_sc_r_g_c_fin;c_str;Noble Scale;Ranger;v_r_amr_s;;armor;;;bd;rare;str
bd_sc_f_g_c_avg;base;Thick Scale;Fighter;v_f_bd_n;;armor;;;bd;;str
bd_sc_f_g_c_avg;c_str;Thick Scale;Fighter;v_f_bd_n;;armor;;;bd;;str
bd_sc_f_g_c_avg;o_fin;Thick Scale;Fighter;v_f_bd_n;;armor;;;bd;;str
bd_sc_f_g_c_avg;o_mag;Thick Scale;Fighter;v_f_bd_n;;armor;;;bd;;str
bd_sc_f_g_c_avg;o_str;Thick Scale;Fighter;v_f_bd_n;;armor;;;bd;;str
bd_sc_f_g_c_fun;base;Pitted Scale;Fighter;v_f_bd_n;;armor;;;bd;;str
bd_sc_f_g_o_low;base;Bulky Scale;Fighter;v_f_bd_n;;armor;;;bd;;str
bd_sc_m_g_c_avg;base;Thin Scale;Mage;v_m_bd_n;;armor;;;bd;;
bd_sc_m_g_c_avg;c_fin;Thin Scale;Mage;v_m_bd_n;;armor;;;bd;;str
bd_sc_m_g_c_avg;c_mag;Thin Scale;Mage;v_m_bd_n;;armor;;;bd;;str
bd_sc_m_g_c_avg;o_fin;Thin Scale;Mage;v_m_bd_n;;armor;;;bd;;str
bd_sc_r_g_c_avg;base;Flexible Scale;Ranger;v_r_bd_n;;armor;;;bd;;str
bd_sc_r_g_c_avg;c_fin;Flexible Scale;Ranger;v_r_bd_n;;armor;;;bd;;str
bd_sc_r_g_c_avg;c_str;Flexible Scale;Ranger;v_r_bd_n;;armor;;;bd;;str
bd_sc_r_g_c_avg;o_fin;Flexible Scale;Ranger;v_r_bd_n;;armor;;;bd;;str
bd_un_ch_r_green;base;Green Chain Mail;Ranger;v_r_amr_s;;armor;;;bd;unique;str
bd_un_sc_f_dragon;base;Serpentine Scale;Fighter;v_f_bd_s;;armor;;;bd;unique;str
bd_un_sc_r_d_o_mag;base;Dark Scale;Ranger;v_r_amr_s;;armor;;;bd;unique;str
bd_ra_ro_m_d_c_003;base;Ash Burlap;Mage;v_m_bd_s;;armor;;;bd;rare;int
bd_ra_ro_m_d_c_004;base;Ash Burlap;Mage;v_m_bd_s;;armor;;;bd;rare;int
bd_ra_ro_m_d_c_009;base;Night Garment;Mage;v_m_bd_s;;armor;;;bd;rare;int
bd_ra_ro_m_d_c_041;base;Blood Coat;Mage;v_m_bd_s;;armor;;;bd;rare;int
bd_ra_ro_m_d_c_043;base;Blood Coat;Mage;v_m_bd_s;;armor;;;bd;rare;int
bd_ra_ro_m_d_c_077;base;Dream Robe;Mage;v_m_bd_s;;armor;;;bd;rare;int
bd_ra_ro_m_g_c_001;base;Clay Tatters;Mage;v_m_bd_s;;armor;;;bd;rare;int
bd_ra_ro_m_g_c_002;base;Dirt Rags;Mage;v_m_bd_s;;armor;;;bd;rare;int
bd_ra_ro_m_g_c_005;base;Solar Cloth;Mage;v_m_bd_s;;armor;;;bd;rare;int
bd_ra_ro_m_g_c_005a;base;Gossamer Linen;Mage;v_m_bd_s;;armor;;;bd;rare;int
bd_ra_ro_m_g_c_008;base;Night Garment;Mage;v_m_bd_s;;armor;;;bd;rare;int
bd_ra_ro_m_g_c_012;base;Night Garment;Mage;v_m_bd_s;;armor;;;bd;rare;int
bd_ra_ro_m_g_c_014;base;Night Garment;Mage;v_m_bd_s;;armor;;;bd;rare;int
bd_ra_ro_m_g_c_015;base;Night Garment;Mage;v_m_bd_s;;armor;;;bd;rare;int
bd_ra_ro_m_g_c_018;base;Astral Cloak;Mage;v_m_bd_s;;armor;;;bd;rare;int
bd_ra_ro_m_g_c_020;base;Astral Cloak;Mage;v_m_bd_s;;armor;;;bd;rare;int
bd_ra_ro_m_g_c_021;base;Astral Cloak;Mage;v_m_bd_s;;armor;;;bd;rare;int
bd_ra_ro_m_g_c_023;base;Astral Cloak;Mage;v_m_bd_s;;armor;;;bd;rare;int
bd_ra_ro_m_g_c_024;base;Astral Cloak;Mage;v_m_bd_s;;armor;;;bd;rare;int
bd_ra_ro_m_g_c_026;base;Astral Cloak;Mage;v_m_bd_s;;armor;;;bd;rare;int
bd_ra_ro_m_g_c_029;base;Astral Cloak;Mage;v_m_bd_s;;armor;;;bd;rare;int
bd_ra_ro_m_g_c_031;base;Blood Coat;Mage;v_m_bd_s;;armor;;;bd;rare;int
bd_ra_ro_m_g_c_034;base;Blood Coat;Mage;v_m_bd_s;;armor;;;bd;rare;int
bd_ra_ro_m_g_c_037;base;Blood Coat;Mage;v_m_bd_s;;armor;;;bd;rare;int
bd_ra_ro_m_g_c_039;base;Blood Coat;Mage;v_m_bd_s;;armor;;;bd;rare;int
bd_ra_ro_m_g_c_042;base;Blood Coat;Mage;v_m_bd_s;;armor;;;bd;rare;int
bd_ra_ro_m_g_c_045;base;Dream Robe;Mage;v_m_bd_s;;armor;;;bd;rare;int
bd_ra_ro_m_g_c_046;base;Dream Robe;Mage;v_m_bd_s;;armor;;;bd;rare;int
bd_ra_ro_m_g_c_053;base;Dream Robe;Mage;v_m_bd_s;;armor;;;bd;rare;int
bd_ra_ro_m_g_c_059;base;Dream Robe;Mage;v_m_bd_s;;armor;;;bd;rare;int
bd_ra_ro_m_g_c_065;base;Dream Robe;Mage;v_m_bd_s;;armor;;;bd;rare;int
bd_ra_ro_m_g_c_071;base;Dream Robe;Mage;v_m_bd_s;;armor;;;bd;rare;int
bd_ra_ro_m_g_c_084;base;Radiant Gown;Mage;v_m_bd_s;;armor;;;bd;rare;int
bd_ra_ro_m_g_c_089;base;Radiant Gown;Mage;v_m_bd_s;;armor;;;bd;rare;int
bd_ra_ro_m_g_c_094;base;Radiant Gown;Mage;v_m_bd_s;;armor;;;bd;rare;int
bd_ra_ro_m_g_c_100;base;Shadow Finery;Mage;v_m_bd_s;;armor;;;bd;rare;int
bd_ra_ro_m_g_c_105;base;Shadow Finery;Mage;v_m_bd_s;;armor;;;bd;rare;int
bd_ra_ro_m_g_c_110;base;Noble Vesture;Mage;v_m_bd_s;;armor;;;bd;rare;int
bd_ro_m_d_c_003;base;Burlap;Mage;v_m_bd_n;;armor;;;bd;;
bd_ro_m_d_c_004;base;Burlap;Mage;v_m_bd_n;;armor;;;bd;;
bd_ro_m_d_c_009;base;Garment;Mage;v_m_bd_n;;armor;;;bd;;int
bd_ro_m_d_c_041;base;Coat;Mage;v_m_bd_n;;armor;;;bd;;int
bd_ro_m_d_c_043;base;Coat;Mage;v_m_bd_n;;armor;;;bd;;int
bd_ro_m_d_c_077;base;Robe;Mage;v_m_bd_n;;armor;;;bd;;int
bd_ro_m_g_c_001;base;Tatters;Mage;v_m_bd_n;;armor;;;bd;;
bd_ro_m_g_c_002;base;Rags;Mage;v_m_bd_n;;armor;;;bd;;
bd_ro_m_g_c_005;base;Cloth;Mage;v_m_bd_n;;armor;;;bd;;int
bd_ro_m_g_c_005a;base;Linen;Mage;v_m_bd_n;;armor;;;bd;;int
bd_ro_m_g_c_008;base;Garment;Mage;v_m_bd_n;;armor;;;bd;;int
bd_ro_m_g_c_012;base;Garment;Mage;v_m_bd_n;;armor;;;bd;;int
bd_ro_m_g_c_014;base;Garment;Mage;v_m_bd_n;;armor;;;bd;;int
bd_ro_m_g_c_015;base;Garment;Mage;v_m_bd_n;;armor;;;bd;;int
bd_ro_m_g_c_018;base;Cloak;Mage;v_m_bd_n;;armor;;;bd;;int
bd_ro_m_g_c_020;base;Cloak;Mage;v_m_bd_n;;armor;;;bd;;int
bd_ro_m_g_c_021;base;Cloak;Mage;v_m_bd_n;;armor;;;bd;;int
bd_ro_m_g_c_022;base;Cloak;Mage;v_m_bd_n;;armor;;;bd;;int
bd_ro_m_g_c_023;base;Cloak;Mage;v_m_bd_n;;armor;;;bd;;int
bd_ro_m_g_c_024;base;Cloak;Mage;v_m_bd_n;;armor;;;bd;;int
bd_ro_m_g_c_026;base;Cloak;Mage;v_m_bd_n;;armor;;;bd;;int
bd_ro_m_g_c_029;base;Cloak;Mage;v_m_bd_n;;armor;;;bd;;int
bd_ro_m_g_c_031;base;Coat;Mage;v_m_bd_n;;armor;;;bd;;int
bd_ro_m_g_c_034;base;Coat;Mage;v_m_bd_n;;armor;;;bd;;int
bd_ro_m_g_c_037;base;Coat;Mage;v_m_bd_n;;armor;;;bd;;int
bd_ro_m_g_c_039;base;Coat;Mage;v_m_bd_n;;armor;;;bd;;int
bd_ro_m_g_c_042;base;Coat;Mage;v_m_bd_n;;armor;;;bd;;int
bd_ro_m_g_c_044;base;Coat;Mage;v_m_bd_n;;armor;;;bd;;
bd_ro_m_g_c_045;base;Robe;Mage;v_m_bd_n;;armor;;;bd;;int
bd_ro_m_g_c_046;base;Robe;Mage;v_m_bd_n;;armor;;;bd;;int
bd_ro_m_g_c_053;base;Robe;Mage;v_m_bd_n;;armor;;;bd;;int
bd_ro_m_g_c_059;base;Robe;Mage;v_m_bd_n;;armor;;;bd;;int
bd_ro_m_g_c_063;base;Robe;Mage;v_m_bd_n;;armor;;;bd;;int
bd_ro_m_g_c_065;base;Robe;Mage;v_m_bd_n;;armor;;;bd;;int
bd_ro_m_g_c_067;base;Robe;Mage;v_m_bd_n;;armor;;;bd;;int
bd_ro_m_g_c_071;base;Robe;Mage;v_m_bd_n;;armor;;;bd;;int
bd_ro_m_g_c_084;base;Gown;Mage;v_m_bd_n;;armor;;;bd;;int
bd_ro_m_g_c_089;base;Gown;Mage;v_m_bd_n;;armor;;;bd;;int
bd_ro_m_g_c_094;base;Gown;Mage;v_m_bd_n;;armor;;;bd;;int
bd_ro_m_g_c_100;base;Finery;Mage;v_m_bd_n;;armor;;;bd;;int
bd_ro_m_g_c_105;base;Finery;Mage;v_m_bd_n;;armor;;;bd;;int
bd_ro_m_g_c_110;base;Vesture;Mage;v_m_bd_n;;armor;;;bd;;int
bd_ro_un_merik;;Starlight Vesture;Mage;v_m_bd_s;;armor;excluded;;bd;;int
bd_bl_f_g_c_avg;base;Rigid Leather;Fighter;v_f_bd_n;;armor;;;bd;;str
bd_bl_f_g_c_avg;c_str;Rigid Leather;Fighter;v_f_bd_n;;armor;;;bd;;str
bd_bl_f_g_c_avg;o_fin;Rigid Leather;Fighter;v_f_bd_n;;armor;;;bd;;str
bd_bl_f_g_c_fun;;Worn Rigid Leather;Fighter;v_f_bd_n;;armor;;;bd;;str
bd_bl_f_g_c_low;;Cracked Rigid Leather;Fighter;v_f_bd_n;;armor;;;bd;;str
bd_bl_m_g_c_avg;base;Waxed Leather;Mage;v_m_bd_n;;armor;;;bd;;
bd_bl_m_g_c_avg;c_fin;Waxed Leather;Mage;v_m_bd_n;;armor;;;bd;;
bd_bl_m_g_c_avg;o_fin;Waxed Leather;Mage;v_m_bd_n;;armor;;;bd;;
bd_bl_r_g_c_avg;base;Boiled Leather;Ranger;v_r_bd_n;;armor;;;bd;;str
bd_bl_r_g_c_avg;o_fin;Boiled Leather;Ranger;v_r_bd_n;;armor;;;bd;;str
bd_le_f_g_c_avg;base;Thick Leather;Fighter;v_f_bd_n;;armor;;;bd;;
bd_le_f_g_c_avg;c_fin;Thick Leather;Fighter;v_f_bd_n;;armor;;;bd;;str
bd_le_f_g_c_avg;o_fin;Thick Leather;Fighter;v_f_bd_n;;armor;;;bd;;str
bd_le_f_g_c_fun;;Crude Leather;Fighter;v_f_bd_n;;armor;;;bd;;
bd_le_f_g_c_low;;Worn Leather;Fighter;v_f_bd_n;;armor;;;bd;;
bd_le_m_g_c_avg;base;Mage Leather;Mage;v_m_bd_n;;armor;;;bd;;
bd_le_m_g_c_avg;c_str;Mage Leather;Mage;v_m_bd_n;;armor;;;bd;;
bd_le_m_g_c_avg;o_avg;Mage Leather;Mage;v_m_bd_n;;armor;;;bd;;
bd_le_m_g_c_avg;o_fin;Mage Leather;Mage;v_m_bd_n;;armor;;;bd;;
bd_le_r_g_c_avg;base;Leather Armor;Ranger;v_r_bd_n;;armor;;;bd;;
bd_le_r_g_c_avg;o_fin;Leather Armor;Ranger;v_r_bd_n;;armor;;;bd;;str
bd_le_r_g_c_low;;Tattered Leather;Ranger;v_r_bd_n;;armor;;;bd;;
bd_ra_bl_f_g_c_str;base;Rock Pelt;Fighter;v_f_bd_s;;armor;;;bd;rare;str
bd_ra_bl_f_g_c_str;o_fin;Rock Pelt;Fighter;v_f_bd_s;;armor;;;bd;rare;str
bd_ra_bl_m_g_c_fin;base;Night Leather;Mage;v_m_bd_s;;armor;;;bd;rare;
bd_ra_bl_m_g_c_fin;o_fin;Night Leather;Mage;v_m_bd_s;;armor;;;bd;rare;
bd_ra_bl_r_g_o_fin;base;Stellar Leather;Ranger;v_r_amr_s;;armor;;;bd;rare;str
bd_ra_le_f_g_c_fin;base;Fused Leather;Fighter;v_f_bd_s;;armor;;;bd;rare;str
bd_ra_le_m_g_o_avg;base;Dream Leather;Mage;v_m_bd_s;;armor;;;bd;rare;
bd_ra_le_r_g_o_fin;base;Noble Leather;Ranger;v_r_amr_s;;armor;;;bd;rare;str
bd_ra_sl_m_g_c_avg;base;Classic Leather;Mage;v_m_bd_s;;armor;;;bd;rare;
bd_ra_sl_m_g_c_avg;c_fin;Classic Leather;Mage;v_m_bd_s;;armor;;;bd;rare;
bd_ra_sl_m_g_c_avg;c_str;Classic Leather;Mage;v_m_bd_s;;armor;;;bd;rare;str
bd_ra_sl_m_g_c_avg;o_fin;Classic Leather;Mage;v_m_bd_s;;armor;;;bd;rare;
bd_ra_sl_m_g_c_avg;o_str;Classic Leather;Mage;v_m_bd_s;;armor;;;bd;rare;str
bd_ra_sl_r_g_c_avg;base;Marshal Leather;Ranger;v_r_amr_s;;armor;;;bd;rare;
bd_ra_sl_r_g_c_avg;c_fin;Marshal Leather;Ranger;v_r_amr_s;;armor;;;bd;rare;
bd_ra_sl_r_g_c_avg;c_str;Marshal Leather;Ranger;v_r_amr_s;;armor;;;bd;rare;str
bd_sl_f_g_c_avg;base;Cleated Leather;Fighter;v_f_bd_n;;armor;;;bd;;str
bd_sl_f_g_c_avg;c_str;Cleated Leather;Fighter;v_f_bd_n;;armor;;;bd;;str
bd_sl_f_g_c_avg;o_fin;Cleated Leather;Fighter;v_f_bd_n;;armor;;;bd;;str
bd_sl_f_g_c_fun;;Torn Leather;Fighter;v_f_bd_n;;armor;;;bd;;
bd_sl_m_g_c_avg;base;Riveted Leather;Mage;v_m_bd_n;;armor;;;bd;;
bd_sl_m_g_c_avg;c_fin;Riveted Leather;Mage;v_m_bd_n;;armor;;;bd;;
bd_sl_m_g_c_avg;c_mag;Riveted Leather;Mage;v_m_bd_n;;armor;;;bd;;str
bd_sl_m_g_c_avg;c_str;Riveted Leather;Mage;v_m_bd_n;;armor;;;bd;;str
bd_sl_m_g_c_avg;o_avg;Riveted Leather;Mage;v_m_bd_n;;armor;;;bd;;
bd_sl_m_g_c_avg;o_fin;Riveted Leather;Mage;v_m_bd_n;;armor;;;bd;;
bd_sl_m_g_c_avg;o_str;Riveted Leather;Mage;v_m_bd_n;;armor;;;bd;;str
bd_sl_m_g_c_fun;;Weathered Leather;Mage;v_m_bd_n;;armor;;;bd;;
bd_sl_r_g_c_avg;base;Studded Leather;Ranger;v_r_bd_n;;armor;;;bd;;
bd_sl_r_g_c_avg;c_fin;Studded Leather;Ranger;v_r_bd_n;;armor;;;bd;;
bd_sl_r_g_c_avg;c_mag;Studded Leather;Ranger;v_r_bd_n;;armor;;;bd;;str
bd_sl_r_g_c_avg;c_str;Studded Leather;Ranger;v_r_bd_n;;armor;;;bd;;str
bd_sl_r_g_c_avg;o_avg;Studded Leather;Ranger;v_r_bd_n;;armor;;;bd;;str
bd_sl_r_g_c_avg;o_fin;Studded Leather;Ranger;v_r_bd_n;;armor;;;bd;;str
bd_sl_r_g_c_avg;o_mag;Studded Leather;Ranger;v_r_bd_n;;armor;;;bd;;str
bd_sl_r_g_c_avg;o_str;Studded Leather;Ranger;v_r_bd_n;;armor;;;bd;;str
bd_un_bl_f_g_c_blood;base;Lord Hovart's Blood Armor;Fighter;v_f_bd_s;;armor;;;bd;unique;str
bd_un_bl_r_leaf;base;Woodland Leather;Ranger;v_r_amr_s;;armor;;;bd;unique;str
bd_un_le_f_pad_avg;base;Altan's Leather;Fighter;v_f_bd_s;;armor;excluded;;bd;unique;
bd_un_sl_f_barbarian;base;Olaf's Studded Leather;Fighter;v_f_bd_s;;armor;;;bd;unique;str
bd_ba_f_g_c_avg;base;Banded Armor;Fighter;v_f_bd_n;;armor;;;bd;;str
bd_ba_f_g_c_avg;o_fin;Banded Armor;Fighter;v_f_bd_n;;armor;;;bd;;str
bd_ba_f_g_c_avg;o_mag;Banded Armor;Fighter;v_f_bd_n;;armor;;;bd;;str
bd_ba_f_g_c_avg;o_str;Banded Armor;Fighter;v_f_bd_n;;armor;;;bd;;str
bd_ba_f_g_c_fun;base;Stiff Banded Armor;Fighter;v_f_bd_n;;armor;;;bd;;str
bd_ba_f_g_c_low;;Crude Banded Armor;Fighter;v_f_bd_n;;armor;;;bd;;str
bd_ba_m_g_c_str;base;Mage Banded Armor;Mage;v_m_bd_n;;armor;;;bd;;str
bd_ba_r_g_o_fin;base;Ranger Banded Armor;Ranger;v_r_bd_n;;armor;;;bd;;str
bd_bp_f_g_c_avg;base;Battle Plate;Fighter;v_f_bd_n;;armor;;;bd;;str
bd_bp_f_g_c_avg;c_fin;Battle Plate;Fighter;v_f_bd_n;;armor;;;bd;;str
bd_bp_f_g_c_avg;c_str;Battle Plate;Fighter;v_f_bd_n;;armor;;;bd;;str
bd_bp_f_g_c_avg;o_mag;Battle Plate;Fighter;v_f_bd_n;;armor;;;bd;;str
bd_bp_f_g_c_avg;o_str;Battle Plate;Fighter;v_f_bd_n;;armor;;;bd;;str
bd_bp_f_g_c_fun;;Basic Battle Plate;Fighter;v_f_bd_n;;armor;;;bd;;str
bd_br_f_g_c_avg;base;Heavy Brigandine;Fighter;v_f_bd_n;;armor;;;bd;;str
bd_br_f_g_c_avg;c_str;Heavy Brigandine;Fighter;v_f_bd_n;;armor;;;bd;;str
bd_br_f_g_c_avg;o_fin;Heavy Brigandine;Fighter;v_f_bd_n;;armor;;;bd;;str
bd_br_f_g_c_low;;Haggard Brigandine;Fighter;v_f_bd_n;;armor;;;bd;;str
bd_br_m_g_c_avg;base;Thin Brigandine;Mage;v_m_bd_n;;armor;;;bd;;
bd_br_m_g_c_avg;c_mag;Thin Brigandine;Mage;v_m_bd_n;;armor;;;bd;;str
bd_br_m_g_c_avg;o_fin;Thin Brigandine;Mage;v_m_bd_n;;armor;;;bd;;str
bd_br_m_g_c_low;;Flimsy Brigandine;Mage;v_m_bd_n;;armor;;;bd;;
bd_br_r_g_c_avg;base;Brigandine Armor;Ranger;v_r_bd_n;;armor;;;bd;;str
bd_br_r_g_c_avg;c_fin;Brigandine Armor;Ranger;v_r_bd_n;;armor;;;bd;;str
bd_br_r_g_c_avg;o_mag;Brigandine Armor;Ranger;v_r_bd_n;;armor;;;bd;;str
bd_fp_f_g_c_avg;base;Full Plate;Fighter;v_f_bd_n;;armor;;;bd;;str
bd_fp_f_g_c_avg;c_str;Full Plate;Fighter;v_f_bd_n;;armor;;;bd;;str
bd_fp_f_g_c_avg;o_fin;Full Plate;Fighter;v_f_bd_n;;armor;;;bd;;str
bd_fp_f_g_c_avg;o_mag;Full Plate;Fighter;v_f_bd_n;;armor;;;bd;;str
bd_fp_f_g_c_avg;o_str;Full Plate;Fighter;v_f_bd_n;;armor;;;bd;;str
bd_fp_f_g_c_fun;;Bulky Full Plate;Fighter;v_f_bd_n;;armor;;;bd;;str
bd_fp_m_g_o_mag;base;Thin Plate;Mage;v_m_bd_n;;armor;;;bd;;str
bd_fp_r_g_c_avg;base;Quarter Plate;Ranger;v_r_bd_n;;armor;;;bd;;str
bd_pl_f_g_c_avg;base;Heavy Plate;Fighter;v_f_bd_n;;armor;;;bd;;str
bd_pl_f_g_c_avg;c_fin;Heavy Plate;Fighter;v_f_bd_n;;armor;;;bd;;str
bd_pl_f_g_c_fun;;Common Heavy Plate;Fighter;v_f_bd_n;;armor;;;bd;;str
bd_pl_f_g_c_low;;Dented Heavy Plate;Fighter;v_f_bd_n;;armor;;;bd;;str
bd_pl_m_g_c_str;base;Mage Plate;Mage;v_m_bd_n;;armor;;;bd;;str
bd_pl_r_g_c_fin;base;Ranger Plate;Ranger;v_r_bd_n;;armor;;;bd;;str
bd_pl_r_g_c_fin;o_str;Ranger Plate;Ranger;v_r_bd_n;;armor;;;bd;;str
bd_ra_ba_f_g_o_fin;base;Fused Steel;Fighter;v_f_bd_s;;armor;;;bd;rare;str
bd_ra_ba_f_g_o_fin;o_mag;Fused Steel;Fighter;v_f_bd_s;;armor;;;bd;rare;str
bd_ra_bp_f_g_c_fin;base;Stellar Plate;Fighter;v_f_bd_s;;armor;;;bd;rare;str
bd_ra_bp_f_g_c_fin;c_str;Stellar Plate;Fighter;v_f_bd_s;;armor;;;bd;rare;str
bd_ra_br_f_g_c_str;base;Clay Brigandine;Fighter;v_f_bd_s;;armor;;;bd;rare;str
bd_ra_br_m_g_o_fin;base;Compact Brigandine;Mage;v_m_bd_s;;armor;;;bd;rare;str
bd_ra_br_m_g_o_fin;c_mag;Compact Brigandine;Mage;v_m_bd_s;;armor;;;bd;rare;str
bd_ra_br_r_g_c_avg;base;Prime Brigandine;Ranger;v_r_amr_s;;armor;;;bd;rare;str
bd_ra_br_r_g_c_avg;c_fin;Prime Brigandine;Ranger;v_r_amr_s;;armor;;;bd;rare;str
bd_ra_fp_f_g_o_fin;base;Cardinal Plate;Fighter;v_f_bd_s;;armor;;;bd;rare;str
bd_ra_fp_f_g_o_fin;o_str;Cardinal Plate;Fighter;v_f_bd_s;;armor;;;bd;rare;str
bd_ra_fp_r_g_c_avg;base;Imperial Plate;Ranger;v_r_amr_s;;armor;;;bd;rare;str
bd_un_ba_f_g_skeleton_captain;base;Ancient Banded;Fighter;v_f_bd_s;;armor;excluded;;bd;unique;str
bd_un_br_f_bone;base;Bone Plate;Fighter;v_f_bd_s;;armor;;;bd;unique;str
bd_un_br_f_copper;base;Copper Plate;Fighter;v_f_bd_s;;armor;;;bd;unique;str
bd_un_br_f_d_c_str;base;Cirene Scale;Fighter;v_f_bd_s;;armor;;;bd;unique;str
bd_un_br_f_spider;base;Black Widow Brigandine;Fighter;v_f_bd_s;;armor;;;bd;unique;str
bd_un_br_r_d_o_str;base;Plate Coat;Ranger;v_r_amr_s;;armor;;;bd;unique;str
bd_un_fp_f_g_c_mag;base;Magical Plate;Fighter;v_f_bd_s;;armor;;;bd;unique;str
bd_un_fp_f_g_c_mag;o_mag;Magical Plate;Fighter;v_f_bd_s;;armor;;;bd;unique;str
bd_un_pl_f_crystal;base;Crystal Plate;Fighter;v_f_bd_s;;armor;;;bd;unique;str
bd_un_pl_f_g_c_avg;base;Solid Plate;Fighter;v_f_bd_s;;armor;;;bd;unique;str
bd_un_pl_f_g_c_avg;c_fin;Solid Plate;Fighter;v_f_bd_s;;armor;;;bd;unique;str
bd_un_pl_f_g_c_fun;base;Standard Plate;Fighter;v_f_bd_s;;armor;;;bd;unique;str
bo_bo_br_f_g_c_avg;base;Brigandine Boots;Fighter;v_f_bo_n;;armor;;;bo;;str
bo_bo_br_f_g_c_avg;c_fin;Brigandine Boots;Fighter;v_f_bo_n;;armor;;;bo;;str
bo_bo_br_f_g_c_avg;c_mag;Brigandine Boots;Fighter;v_f_bo_n;;armor;;;bo;;str
bo_bo_br_f_g_c_avg;c_str;Brigandine Boots;Fighter;v_f_bo_n;;armor;;;bo;;str
bo_bo_br_f_g_c_avg;o_avg;Brigandine Boots;Fighter;v_f_bo_n;;armor;;;bo;;str
bo_bo_br_f_g_c_avg;o_fin;Brigandine Boots;Fighter;v_f_bo_n;;armor;;;bo;;str
bo_bo_br_f_g_c_avg;o_mag;Brigandine Boots;Fighter;v_f_bo_n;;armor;;;bo;;str
bo_bo_br_f_g_c_avg;o_str;Brigandine Boots;Fighter;v_f_bo_n;;armor;;;bo;;str
bo_bo_ch_f_g_c_avg;base;Chain Boots;Fighter;v_f_bo_n;;armor;;;bo;;str
bo_bo_ch_f_g_c_avg;c_fin;Chain Boots;Fighter;v_f_bo_n;;armor;;;bo;;str
bo_bo_ch_f_g_c_avg;c_mag;Chain Boots;Fighter;v_f_bo_n;;armor;;;bo;;str
bo_bo_ch_f_g_c_avg;c_str;Chain Boots;Fighter;v_f_bo_n;;armor;;;bo;;str
bo_bo_ch_f_g_c_avg;o_avg;Chain Boots;Fighter;v_f_bo_n;;armor;;;bo;;str
bo_bo_ch_f_g_c_avg;o_fin;Chain Boots;Fighter;v_f_bo_n;;armor;;;bo;;str
bo_bo_ch_f_g_c_avg;o_mag;Chain Boots;Fighter;v_f_bo_n;;armor;;;bo;;str
bo_bo_ch_f_g_c_avg;o_str;Chain Boots;Fighter;v_f_bo_n;;armor;;;bo;;str
bo_bo_le_f_g_c_avg;base;Leather Boots;Fighter;v_f_bo_n;;armor;;;bo;;
bo_bo_le_f_g_c_avg;c_fin;Leather Boots;Fighter;v_f_bo_n;;armor;;;bo;;
bo_bo_le_f_g_c_avg;c_mag;Leather Boots;Fighter;v_f_bo_n;;armor;;;bo;;str
bo_bo_le_f_g_c_avg;c_str;Leather Boots;Fighter;v_f_bo_n;;armor;;;bo;;str
bo_bo_le_f_g_c_avg;o_avg;Leather Boots;Fighter;v_f_bo_n;;armor;;;bo;;str
bo_bo_le_f_g_c_avg;o_fin;Leather Boots;Fighter;v_f_bo_n;;armor;;;bo;;str
bo_bo_le_f_g_c_avg;o_mag;Leather Boots;Fighter;v_f_bo_n;;armor;;;bo;;str
bo_bo_le_f_g_c_avg;o_str;Leather Boots;Fighter;v_f_bo_n;;armor;;;bo;;str
bo_bo_le_f_g_c_healthy;;Healthy Boots;Fighter;v_f_bo_s;;armor;excluded;;bo;;
bo_bo_le_f_g_c_satin;;Satin Boots;Mage;v_m_hgb_s;;armor;excluded;;bo;;int
bo_bo_le_light;;Light Boots;;v_any;;armor;excluded;;bo;;
bo_bo_sc_f_g_c_avg;base;Scale Boots;Fighter;v_f_bo_n;;armor;;;bo;;str
bo_bo_sc_f_g_c_avg;c_fin;Scale Boots;Fighter;v_f_bo_n;;armor;;;bo;;str
bo_bo_sc_f_g_c_avg;c_mag;Scale Boots;Fighter;v_f_bo_n;;armor;;;bo;;str
bo_bo_sc_f_g_c_avg;c_str;Scale Boots;Fighter;v_f_bo_n;;armor;;;bo;;str
bo_bo_sc_f_g_c_avg;o_avg;Scale Boots;Fighter;v_f_bo_n;;armor;;;bo;;str
bo_bo_sc_f_g_c_avg;o_fin;Scale Boots;Fighter;v_f_bo_n;;armor;;;bo;;str
bo_bo_sc_f_g_c_avg;o_mag;Scale Boots;Fighter;v_f_bo_n;;armor;;;bo;;str
bo_bo_sc_f_g_c_avg;o_str;Scale Boots;Fighter;v_f_bo_n;;armor;;;bo;;str
bo_bo_sl_f_g_c_avg;base;Studded Leather Boots;Fighter;v_f_bo_n;;armor;;;bo;;str
bo_bo_sl_f_g_c_avg;c_fin;Studded Leather Boots;Fighter;v_f_bo_n;;armor;;;bo;;str
bo_bo_sl_f_g_c_avg;c_mag;Studded Leather Boots;Fighter;v_f_bo_n;;armor;;;bo;;str
bo_bo_sl_f_g_c_avg;c_str;Studded Leather Boots;Fighter;v_f_bo_n;;armor;;;bo;;str
bo_bo_sl_f_g_c_avg;o_avg;Studded Leather Boots;Fighter;v_f_bo_n;;armor;;;bo;;str
bo_bo_sl_f_g_c_avg;o_fin;Studded Leather Boots;Fighter;v_f_bo_n;;armor;;;bo;;str
bo_bo_sl_f_g_c_avg;o_mag;Studded Leather Boots;Fighter;v_f_bo_n;;armor;;;bo;;str
bo_bo_sl_f_g_c_avg;o_str;Studded Leather Boots;Fighter;v_f_bo_n;;armor;;;bo;;str
bo_gr_ba_f_g_c_avg;base;Banded Greaves;Fighter;v_f_bo_n;;armor;;;bo;;str
bo_gr_ba_f_g_c_avg;c_fin;Banded Greaves;Fighter;v_f_bo_n;;armor;;;bo;;str
bo_gr_ba_f_g_c_avg;c_mag;Banded Greaves;Fighter;v_f_bo_n;;armor;;;bo;;str
bo_gr_ba_f_g_c_avg;c_str;Banded Greaves;Fighter;v_f_bo_n;;armor;;;bo;;str
bo_gr_ba_f_g_c_avg;o_avg;Banded Greaves;Fighter;v_f_bo_n;;armor;;;bo;;str
bo_gr_ba_f_g_c_avg;o_fin;Banded Greaves;Fighter;v_f_bo_n;;armor;;;bo;;str
bo_gr_ba_f_g_c_avg;o_mag;Banded Greaves;Fighter;v_f_bo_n;;armor;;;bo;;str
bo_gr_ba_f_g_c_avg;o_str;Banded Greaves;Fighter;v_f_bo_n;;armor;;;bo;;str
bo_gr_bl_f_g_c_avg;base;Boiled Leather Greaves;Fighter;v_f_bo_n;;armor;;;bo;;str
bo_gr_bl_f_g_c_avg;c_fin;Boiled Leather Greaves;Fighter;v_f_bo_n;;armor;;;bo;;str
bo_gr_bl_f_g_c_avg;c_mag;Boiled Leather Greaves;Fighter;v_f_bo_n;;armor;;;bo;;str
bo_gr_bl_f_g_c_avg;c_str;Boiled Leather Greaves;Fighter;v_f_bo_n;;armor;;;bo;;str
bo_gr_bl_f_g_c_avg;o_avg;Boiled Leather Greaves;Fighter;v_f_bo_n;;armor;;;bo;;str
bo_gr_bl_f_g_c_avg;o_fin;Boiled Leather Greaves;Fighter;v_f_bo_n;;armor;;;bo;;str
bo_gr_bl_f_g_c_avg;o_mag;Boiled Leather Greaves;Fighter;v_f_bo_n;;armor;;;bo;;str
bo_gr_bl_f_g_c_avg;o_str;Boiled Leather Greaves;Fighter;v_f_bo_n;;armor;;;bo;;str
bo_gr_fp_f_g_c_avg;base;Full Plate Greaves;Fighter;v_f_bo_n;;armor;;;bo;;str
bo_gr_fp_f_g_c_avg;c_fin;Full Plate Greaves;Fighter;v_f_bo_n;;armor;;;bo;;str
bo_gr_fp_f_g_c_avg;c_mag;Full Plate Greaves;Fighter;v_f_bo_n;;armor;;;bo;;str
bo_gr_fp_f_g_c_avg;c_str;Full Plate Greaves;Fighter;v_f_bo_n;;armor;;;bo;;str
bo_gr_fp_f_g_c_avg;o_avg;Full Plate Greaves;Fighter;v_f_bo_n;;armor;;;bo;;str
bo_gr_fp_f_g_c_avg;o_fin;Full Plate Greaves;Fighter;v_f_bo_n;;armor;;;bo;;str
bo_gr_fp_f_g_c_avg;o_mag;Full Plate Greaves;Fighter;v_f_bo_n;;armor;;;bo;;str
bo_gr_fp_f_g_c_avg;o_str;Full Plate Greaves;Fighter;v_f_bo_n;;armor;;;bo;;str
bo_ra_bo_br_f_g_c_fin;base;Sporting Boots;Fighter;v_f_bo_s;;armor;;;bo;rare;str
bo_ra_bo_br_f_g_c_fin;c_mag;Sporting Boots;Fighter;v_f_bo_s;;armor;;;bo;rare;str
bo_ra_bo_br_f_g_c_fin;o_fin;Sporting Boots;Fighter;v_f_bo_s;;armor;;;bo;rare;str
bo_ra_bo_ch_f_g_c_fin;base;Kicker Boots;Fighter;v_f_bo_s;;armor;;;bo;rare;str
bo_ra_bo_ch_f_g_c_fin;c_mag;Kicker Boots;Fighter;v_f_bo_s;;armor;;;bo;rare;str
bo_ra_bo_ch_f_g_c_fin;o_fin;Kicker Boots;Fighter;v_f_bo_s;;armor;;;bo;rare;str
bo_ra_bo_ch_f_g_c_fin;o_str;Kicker Boots;Fighter;v_f_bo_s;;armor;;;bo;rare;str
bo_ra_bo_le_f_g_c_fin;base;Ready Boots;Fighter;v_f_bo_s;;armor;;;bo;rare;
bo_ra_bo_le_f_g_c_fin;o_fin;Ready Boots;Fighter;v_f_bo_s;;armor;;;bo;rare;str
bo_ra_bo_sc_f_g_c_fin;base;Blade Boots;Fighter;v_f_bo_s;;armor;;;bo;rare;str
bo_ra_bo_sc_f_g_c_fin;o_fin;Blade Boots;Fighter;v_f_bo_s;;armor;;;bo;rare;str
bo_ra_bo_sc_f_g_c_fin;o_mag;Blade Boots;Fighter;v_f_bo_s;;armor;;;bo;rare;str
bo_ra_bo_sl_f_g_c_fin;base;Rock Pelt Boots;Fighter;v_f_bo_s;;armor;;;bo;rare;str
bo_ra_bo_sl_f_g_c_fin;o_fin;Rock Pelt Boots;Fighter;v_f_bo_s;;armor;;;bo;rare;str
bo_ra_bo_sl_f_g_c_fin;o_str;Rock Pelt Boots;Fighter;v_f_bo_s;;armor;;;bo;rare;str
bo_ra_gr_ba_f_g_c_fin;base;Pain Greaves;Fighter;v_f_bo_s;;armor;;;bo;rare;str
bo_ra_gr_ba_f_g_c_fin;o_fin;Pain Greaves;Fighter;v_f_bo_s;;armor;;;bo;rare;str
bo_ra_gr_ba_f_g_c_fin;o_mag;Pain Greaves;Fighter;v_f_bo_s;;armor;;;bo;rare;str
bo_ra_gr_bl_f_g_c_fin;base;Hunter Greaves;Fighter;v_f_bo_s;;armor;;;bo;rare;str
bo_ra_gr_bl_f_g_c_fin;c_mag;Hunter Greaves;Fighter;v_f_bo_s;;armor;;;bo;rare;str
bo_ra_gr_bl_f_g_c_fin;o_fin;Hunter Greaves;Fighter;v_f_bo_s;;armor;;;bo;rare;str
bo_ra_gr_bl_f_g_c_fin;o_str;Hunter Greaves;Fighter;v_f_bo_s;;armor;;;bo;rare;str
bo_ra_gr_fp_f_g_c_fin;base;Steel Greaves;Fighter;v_f_bo_s;;armor;;;bo;rare;str
bo_ra_gr_fp_f_g_c_fin;c_str;Steel Greaves;Fighter;v_f_bo_s;;armor;;;bo;rare;str
bo_ra_gr_fp_f_g_c_fin;o_fin;Steel Greaves;Fighter;v_f_bo_s;;armor;;;bo;rare;str
bo_ra_gr_fp_f_g_c_fin;o_str;Steel Greaves;Fighter;v_f_bo_s;;armor;;;bo;rare;str
bo_un_bo_br_f_bone;base;Bone Boots;Fighter;v_f_bo_s;;armor;;;bo;unique;str
bo_un_bo_br_f_spider;base;Black Widow Greaves;Fighter;v_f_bo_s;;armor;;;bo;unique;str
bo_un_bo_ch_r_green;base;Woodland Boots;Ranger;v_r_amr_s;;armor;;;bo;unique;str
bo_un_bo_pl_f_crytstal;base;Crystal Boots;Fighter;v_f_bo_s;;armor;;;bo;unique;str
bo_un_bo_ro_m_molten;base;Molten Boots;Fighter;v_f_bo_s;;armor;;;bo;unique;str
bo_un_bo_sc_f_dragon;base;Serpentine Boots;Fighter;v_f_bo_s;;armor;;;bo;unique;str
bo_un_bo_sl_f_barbarian;base;Olaf's Boots;Fighter;v_f_bo_s;;armor;;;bo;unique;
gl_ga_ba_f_g_c_avg;base;Banded Gauntlets;Fighter;v_f_gl_n;;armor;;;gl;;str
gl_ga_ba_f_g_c_avg;c_fin;Banded Gauntlets;Fighter;v_f_gl_n;;armor;;;gl;;str
gl_ga_ba_f_g_c_avg;c_mag;Banded Gauntlets;Fighter;v_f_gl_n;;armor;;;gl;;str
gl_ga_ba_f_g_c_avg;c_str;Banded Gauntlets;Fighter;v_f_gl_n;;armor;;;gl;;str
gl_ga_ba_f_g_c_avg;o_avg;Banded Gauntlets;Fighter;v_f_gl_n;;armor;;;gl;;str
gl_ga_ba_f_g_c_avg;o_fin;Banded Gauntlets;Fighter;v_f_gl_n;;armor;;;gl;;str
gl_ga_ba_f_g_c_avg;o_mag;Banded Gauntlets;Fighter;v_f_gl_n;;armor;;;gl;;str
gl_ga_ba_f_g_c_avg;o_str;Banded Gauntlets;Fighter;v_f_gl_n;;armor;;;gl;;str
gl_ga_bl_f_g_c_avg;base;Boiled Leather Gauntlets;Fighter;v_f_gl_n;;armor;;;gl;;str
gl_ga_bl_f_g_c_avg;c_fin;Boiled Leather Gauntlets;Fighter;v_f_gl_n;;armor;;;gl;;str
gl_ga_bl_f_g_c_avg;c_mag;Boiled Leather Gauntlets;Fighter;v_f_gl_n;;armor;;;gl;;str
gl_ga_bl_f_g_c_avg;c_str;Boiled Leather Gauntlets;Fighter;v_f_gl_n;;armor;;;gl;;str
gl_ga_bl_f_g_c_avg;o_avg;Boiled Leather Gauntlets;Fighter;v_f_gl_n;;armor;;;gl;;str
gl_ga_bl_f_g_c_avg;o_fin;Boiled Leather Gauntlets;Fighter;v_f_gl_n;;armor;;;gl;;str
gl_ga_bl_f_g_c_avg;o_mag;Boiled Leather Gauntlets;Fighter;v_f_gl_n;;armor;;;gl;;str
gl_ga_bl_f_g_c_avg;o_str;Boiled Leather Gauntlets;Fighter;v_f_gl_n;;armor;;;gl;;str
gl_ga_br_f_g_c_avg;base;Brigandine Gauntlets;Fighter;v_f_gl_n;;armor;;;gl;;str
gl_ga_br_f_g_c_avg;c_fin;Brigandine Gauntlets;Fighter;v_f_gl_n;;armor;;;gl;;str
gl_ga_br_f_g_c_avg;c_mag;Brigandine Gauntlets;Fighter;v_f_gl_n;;armor;;;gl;;str
gl_ga_br_f_g_c_avg;c_str;Brigandine Gauntlets;Fighter;v_f_gl_n;;armor;;;gl;;str
gl_ga_br_f_g_c_avg;o_avg;Brigandine Gauntlets;Fighter;v_f_gl_n;;armor;;;gl;;str
gl_ga_br_f_g_c_avg;o_fin;Brigandine Gauntlets;Fighter;v_f_gl_n;;armor;;;gl;;str
gl_ga_br_f_g_c_avg;o_mag;Brigandine Gauntlets;Fighter;v_f_gl_n;;armor;;;gl;;str
gl_ga_br_f_g_c_avg;o_str;Brigandine Gauntlets;Fighter;v_f_gl_n;;armor;;;gl;;str
gl_ga_fp_f_g_c_avg;base;Full Plate Gauntlets;Fighter;v_f_gl_n;;armor;;;gl;;str
gl_ga_fp_f_g_c_avg;c_fin;Full Plate Gauntlets;Fighter;v_f_gl_n;;armor;;;gl;;str
gl_ga_fp_f_g_c_avg;c_mag;Full Plate Gauntlets;Fighter;v_f_gl_n;;armor;;;gl;;str
gl_ga_fp_f_g_c_avg;c_str;Full Plate Gauntlets;Fighter;v_f_gl_n;;armor;;;gl;;str
gl_ga_fp_f_g_c_avg;o_avg;Full Plate Gauntlets;Fighter;v_f_gl_n;;armor;;;gl;;str
gl_ga_fp_f_g_c_avg;o_fin;Full Plate Gauntlets;Fighter;v_f_gl_n;;armor;;;gl;;str
gl_ga_fp_f_g_c_avg;o_mag;Full Plate Gauntlets;Fighter;v_f_gl_n;;armor;;;gl;;str
gl_ga_fp_f_g_c_avg;o_str;Full Plate Gauntlets;Fighter;v_f_gl_n;;armor;;;gl;;str
gl_ga_sc_f_g_c_avg;base;Scale Gauntlets;Fighter;v_f_gl_n;;armor;;;gl;;str
gl_ga_sc_f_g_c_avg;c_fin;Scale Gauntlets;Fighter;v_f_gl_n;;armor;;;gl;;str
gl_ga_sc_f_g_c_avg;c_mag;Scale Gauntlets;Fighter;v_f_gl_n;;armor;;;gl;;str
gl_ga_sc_f_g_c_avg;c_str;Scale Gauntlets;Fighter;v_f_gl_n;;armor;;;gl;;str
gl_ga_sc_f_g_c_avg;o_avg;Scale Gauntlets;Fighter;v_f_gl_n;;armor;;;gl;;str
gl_ga_sc_f_g_c_avg;o_fin;Scale Gauntlets;Fighter;v_f_gl_n;;armor;;;gl;;str
gl_ga_sc_f_g_c_avg;o_mag;Scale Gauntlets;Fighter;v_f_gl_n;;armor;;;gl;;str
gl_ga_sc_f_g_c_avg;o_str;Scale Gauntlets;Fighter;v_f_gl_n;;armor;;;gl;;str
gl_gl_bl_f_g_c_avg;base;Boiled Leather Gloves;Fighter;v_f_gl_n;;armor;;;gl;;str
gl_gl_bl_f_g_c_avg;c_fin;Boiled Leather Gloves;Fighter;v_f_gl_n;;armor;;;gl;;str
gl_gl_bl_f_g_c_avg;c_mag;Boiled Leather Gloves;Fighter;v_f_gl_n;;armor;;;gl;;str
gl_gl_bl_f_g_c_avg;c_str;Boiled Leather Gloves;Fighter;v_f_gl_n;;armor;;;gl;;str
gl_gl_bl_f_g_c_avg;o_avg;Boiled Leather Gloves;Fighter;v_f_gl_n;;armor;;;gl;;str
gl_gl_bl_f_g_c_avg;o_fin;Boiled Leather Gloves;Fighter;v_f_gl_n;;armor;;;gl;;str
gl_gl_bl_f_g_c_avg;o_mag;Boiled Leather Gloves;Fighter;v_f_gl_n;;armor;;;gl;;str
gl_gl_bl_f_g_c_avg;o_str;Boiled Leather Gloves;Fighter;v_f_gl_n;;armor;;;gl;;str
gl_gl_br_f_g_c_avg;base;Brigandine Gloves;Fighter;v_f_gl_n;;armor;;;gl;;str
gl_gl_br_f_g_c_avg;c_fin;Brigandine Gloves;Fighter;v_f_gl_n;;armor;;;gl;;str
gl_gl_br_f_g_c_avg;c_mag;Brigandine Gloves;Fighter;v_f_gl_n;;armor;;;gl;;str
gl_gl_br_f_g_c_avg;c_str;Brigandine Gloves;Fighter;v_f_gl_n;;armor;;;gl;;str
gl_gl_br_f_g_c_avg;o_avg;Brigandine Gloves;Fighter;v_f_gl_n;;armor;;;gl;;str
gl_gl_br_f_g_c_avg;o_fin;Brigandine Gloves;Fighter;v_f_gl_n;;armor;;;gl;;str
gl_gl_br_f_g_c_avg;o_mag;Brigandine Gloves;Fighter;v_f_gl_n;;armor;;;gl;;str
gl_gl_br_f_g_c_avg;o_str;Brigandine Gloves;Fighter;v_f_gl_n;;armor;;;gl;;str
gl_gl_ch_f_g_c_avg;base;Chain Gloves;Fighter;v_f_gl_n;;armor;;;gl;;str
gl_gl_ch_f_g_c_avg;c_fin;Chain Gloves;Fighter;v_f_gl_n;;armor;;;gl;;str
gl_gl_ch_f_g_c_avg;c_mag;Chain Gloves;Fighter;v_f_gl_n;;armor;;;gl;;str
gl_gl_ch_f_g_c_avg;c_str;Chain Gloves;Fighter;v_f_gl_n;;armor;;;gl;;str
gl_gl_ch_f_g_c_avg;o_avg;Chain Gloves;Fighter;v_f_gl_n;;armor;;;gl;;str
gl_gl_ch_f_g_c_avg;o_fin;Chain Gloves;Fighter;v_f_gl_n;;armor;;;gl;;str
gl_gl_ch_f_g_c_avg;o_mag;Chain Gloves;Fighter;v_f_gl_n;;armor;;;gl;;str
gl_gl_ch_f_g_c_avg;o_str;Chain Gloves;Fighter;v_f_gl_n;;armor;;;gl;;str
gl_gl_le_f_g_c_avg;base;Leather Gloves;Fighter;v_f_gl_n;;armor;;;gl;;
gl_gl_le_f_g_c_avg;c_fin;Leather Gloves;Fighter;v_f_gl_n;;armor;;;gl;;str
gl_gl_le_f_g_c_avg;c_mag;Leather Gloves;Fighter;v_f_gl_n;;armor;;;gl;;str
gl_gl_le_f_g_c_avg;c_str;Leather Gloves;Fighter;v_f_gl_n;;armor;;;gl;;str
gl_gl_le_f_g_c_avg;o_avg;Leather Gloves;Fighter;v_f_gl_n;;armor;;;gl;;str
gl_gl_le_f_g_c_avg;o_fin;Leather Gloves;Fighter;v_f_gl_n;;armor;;;gl;;str
gl_gl_le_f_g_c_avg;o_mag;Leather Gloves;Fighter;v_f_gl_n;;armor;;;gl;;str
gl_gl_le_f_g_c_avg;o_str;Leather Gloves;Fighter;v_f_gl_n;;armor;;;gl;;str
gl_gl_sc_f_g_c_avg;base;Scale Gloves;Fighter;v_f_gl_n;;armor;;;gl;;str
gl_gl_sc_f_g_c_avg;c_fin;Scale Gloves;Fighter;v_f_gl_n;;armor;;;gl;;str
gl_gl_sc_f_g_c_avg;c_mag;Scale Gloves;Fighter;v_f_gl_n;;armor;;;gl;;str
gl_gl_sc_f_g_c_avg;c_str;Scale Gloves;Fighter;v_f_gl_n;;armor;;;gl;;str
gl_gl_sc_f_g_c_avg;o_avg;Scale Gloves;Fighter;v_f_gl_n;;armor;;;gl;;str
gl_gl_sc_f_g_c_avg;o_fin;Scale Gloves;Fighter;v_f_gl_n;;armor;;;gl;;str
gl_gl_sc_f_g_c_avg;o_mag;Scale Gloves;Fighter;v_f_gl_n;;armor;;;gl;;str
gl_gl_sc_f_g_c_avg;o_str;Scale Gloves;Fighter;v_f_gl_n;;armor;;;gl;;str
gl_gl_sl_f_g_c_avg;base;Studded Leather Gloves;Fighter;v_f_gl_n;;armor;;;gl;;str
gl_gl_sl_f_g_c_avg;c_fin;Studded Leather Gloves;Fighter;v_f_gl_n;;armor;;;gl;;str
gl_gl_sl_f_g_c_avg;c_mag;Studded Leather Gloves;Fighter;v_f_gl_n;;armor;;;gl;;str
gl_gl_sl_f_g_c_avg;c_str;Studded Leather Gloves;Fighter;v_f_gl_n;;armor;;;gl;;str
gl_gl_sl_f_g_c_avg;o_avg;Studded Leather Gloves;Fighter;v_f_gl_n;;armor;;;gl;;str
gl_gl_sl_f_g_c_avg;o_fin;Studded Leather Gloves;Fighter;v_f_gl_n;;armor;;;gl;;str
gl_gl_sl_f_g_c_avg;o_mag;Studded Leather Gloves;Fighter;v_f_gl_n;;armor;;;gl;;str
gl_gl_sl_f_g_c_avg;o_str;Studded Leather Gloves;Fighter;v_f_gl_n;;armor;;;gl;;str
gl_ra_ga_ba_f_g_c_fin;base;Solar Gauntlets;Fighter;v_f_gl_s;;armor;;;gl;rare;str
gl_ra_ga_ba_f_g_c_fin;c_mag;Solar Gauntlets;Fighter;v_f_gl_s;;armor;;;gl;rare;str
gl_ra_ga_ba_f_g_c_fin;c_str;Solar Gauntlets;Fighter;v_f_gl_s;;armor;;;gl;rare;str
gl_ra_ga_ba_f_g_c_fin;o_fin;Solar Gauntlets;Fighter;v_f_gl_s;;armor;;;gl;rare;str
gl_ra_ga_ba_f_g_c_fin;o_str;Solar Gauntlets;Fighter;v_f_gl_s;;armor;;;gl;rare;str
gl_ra_ga_bl_f_g_c_fin;base;Zenith Gauntlets;Fighter;v_f_gl_s;;armor;;;gl;rare;str
gl_ra_ga_bl_f_g_c_fin;o_fin;Zenith Gauntlets;Fighter;v_f_gl_s;;armor;;;gl;rare;str
gl_ra_ga_br_f_g_c_fin;base;Spectral Gauntlets;Fighter;v_f_gl_s;;armor;;;gl;rare;str
gl_ra_ga_br_f_g_c_fin;o_fin;Spectral Gauntlets;Fighter;v_f_gl_s;;armor;;;gl;rare;str
gl_ra_ga_br_f_g_c_fin;o_mag;Spectral Gauntlets;Fighter;v_f_gl_s;;armor;;;gl;rare;str
gl_ra_ga_fp_f_g_o_avg;base;Chief Gauntlets;Fighter;v_f_gl_s;;armor;;;gl;rare;str
gl_ra_ga_fp_f_g_o_avg;c_fin;Chief Gauntlets;Fighter;v_f_gl_s;;armor;;;gl;rare;str
gl_ra_ga_fp_f_g_o_avg;c_str;Chief Gauntlets;Fighter;v_f_gl_s;;armor;;;gl;rare;str
gl_ra_ga_fp_f_g_o_avg;o_fin;Chief Gauntlets;Fighter;v_f_gl_s;;armor;;;gl;rare;str
gl_ra_ga_fp_f_g_o_avg;o_str;Chief Gauntlets;Fighter;v_f_gl_s;;armor;;;gl;rare;str
gl_ra_ga_sc_f_g_c_fin;base;Terrestrial Gauntlets;Fighter;v_f_gl_s;;armor;;;gl;rare;str
gl_ra_ga_sc_f_g_c_fin;o_fin;Terrestrial Gauntlets;Fighter;v_f_gl_s;;armor;;;gl;rare;str
gl_ra_gl_bl_f_g_c_fin;base;Marshal Gloves;Fighter;v_f_gl_s;;armor;;;gl;rare;str
gl_ra_gl_bl_f_g_c_fin;o_fin;Marshal Gloves;Fighter;v_f_gl_s;;armor;;;gl;rare;str
gl_ra_gl_br_f_g_c_fin;base;Lunar Gloves;Fighter;v_f_gl_s;;armor;;;gl;rare;str
gl_ra_gl_br_f_g_c_fin;o_fin;Lunar Gloves;Fighter;v_f_gl_s;;armor;;;gl;rare;str
gl_ra_gl_br_f_g_c_fin;o_mag;Lunar Gloves;Fighter;v_f_gl_s;;armor;;;gl;rare;str
gl_ra_gl_br_f_g_c_fin;o_str;Lunar Gloves;Fighter;v_f_gl_s;;armor;;;gl;rare;str
gl_ra_gl_ch_f_g_c_fin;base;Sultan Gloves;Fighter;v_f_gl_s;;armor;;;gl;rare;str
gl_ra_gl_ch_f_g_c_fin;c_mag;Sultan Gloves;Fighter;v_f_gl_s;;armor;;;gl;rare;str
gl_ra_gl_ch_f_g_c_fin;c_str;Sultan Gloves;Fighter;v_f_gl_s;;armor;;;gl;rare;str
gl_ra_gl_ch_f_g_c_fin;o_fin;Sultan Gloves;Fighter;v_f_gl_s;;armor;;;gl;rare;str
gl_ra_gl_ch_f_g_c_fin;o_str;Sultan Gloves;Fighter;v_f_gl_s;;armor;;;gl;rare;str
gl_ra_gl_le_f_g_c_fin;base;Punisher Gloves;Fighter;v_f_gl_s;;armor;;;gl;rare;str
gl_ra_gl_le_f_g_c_fin;o_fin;Punisher Gloves;Fighter;v_f_gl_s;;armor;;;gl;rare;str
gl_ra_gl_sc_f_g_c_fin;base;Rock Scale Gloves;Fighter;v_f_gl_s;;armor;;;gl;rare;str
gl_ra_gl_sc_f_g_c_fin;o_fin;Rock Scale Gloves;Fighter;v_f_gl_s;;armor;;;gl;rare;str
gl_ra_gl_sc_f_g_c_fin;o_str;Rock Scale Gloves;Fighter;v_f_gl_s;;armor;;;gl;rare;str
gl_ra_gl_sl_f_g_c_fin;base;Secure Gloves;Fighter;v_f_gl_s;;armor;;;gl;rare;str
gl_ra_gl_sl_f_g_c_fin;o_fin;Secure Gloves;Fighter;v_f_gl_s;;armor;;;gl;rare;str
gl_un_gl_br_f_spider;base;Black Widow Gauntlets;Fighter;v_f_gl_s;;armor;;;gl;unique;str
gl_un_gl_ch_r_green;base;Woodland Gloves;Ranger;v_r_amr_s;;armor;;;gl;unique;str
gl_un_gl_pl_f_crystal;base;Crystal Gauntlets;Fighter;v_f_gl_s;;armor;;;gl;unique;str
gl_un_gl_ro_m_molten;base;Molten Gloves;Fighter;v_f_gl_s;;armor;;;gl;unique;str
gl_un_gl_sc_f_dragon;base;Serpentine Gauntlets;Fighter;v_f_gl_s;;armor;;;gl;unique;str
he_ca_le_avg;base;Leather Cap;;v_any;;armor;;;he;;
he_ca_pl_avg;base;Steel Cap;Fighter;v_f_he_n;;armor;;;he;;str
he_ca_pl_blue;base;Iron Helm;Fighter;v_f_he_n;;armor;;;he;;str
he_ca_pl_blue_02;base;Onyx Helm;Fighter;v_f_he_n;;armor;;;he;;str
he_ca_pl_cap;base;Plate Cap;Fighter;v_f_he_n;;armor;;;he;;str
he_ca_pl_cap_brown;base;Earthen Helm;Fighter;v_f_he_n;;armor;;;he;;str
he_ca_pl_dome;base;Dome Cap;Fighter;v_f_he_n;;armor;;;he;;str
he_ca_pl_fin;base;Ridge Helm;Fighter;v_f_he_n;;armor;;;he;;str
he_ca_pl_mag;base;Brow Cap;Fighter;v_f_he_n;;armor;;;he;;str
he_ca_pl_ornage;base;Solar Cap;Fighter;v_f_he_n;;armor;;;he;;str
he_ca_ro_felt_01;base;Felt Cap;Mage;v_m_hgb_n;;armor;;;he;;
he_ca_ro_felt_02;base;Felt Cap;Mage;v_m_hgb_n;;armor;;;he;;
he_ca_ro_felt_03;base;Felt Cap;Mage;v_m_hgb_n;;armor;;;he;;
he_ca_ro_felt_04;base;Felt Cap;Mage;v_m_hgb_n;;armor;;;he;;int
he_ca_ro_flat_01;base;Flat Cap;Mage;v_m_hgb_n;;armor;;;he;;int
he_ca_ro_flat_02;base;Flat Cap;Mage;v_m_hgb_n;;armor;;;he;;int
he_ca_ro_flat_03;base;Flat Cap;Mage;v_m_hgb_n;;armor;;;he;;int
he_ca_ro_flat_04;base;Flat Cap;Mage;v_m_hgb_n;;armor;;;he;;int
he_ca_ro_gemblue;base;Gem Cap;Mage;v_m_hgb_n;;armor;;;he;;
he_ca_ro_green;base;Fabric Cap;Mage;v_m_hgb_n;;armor;;;he;;
he_ca_ro_slope_01;base;Peak Cap;Mage;v_m_hgb_n;;armor;;;he;;
he_ca_ro_slope_02;base;Peak Cap;Mage;v_m_hgb_n;;armor;;;he;;
he_ca_ro_slope_03;base;Peak Cap;Mage;v_m_hgb_n;;armor;;;he;;
he_ca_ro_slope_04;base;Peak Cap;Mage;v_m_hgb_n;;armor;;;he;;int
he_ca_ro_thin_01;base;Thin Cap;Mage;v_m_hgb_n;;armor;;;he;;int
he_ca_ro_thin_02;base;Thin Cap;Mage;v_m_hgb_n;;armor;;;he;;
he_ca_ro_thin_03;base;Thin Cap;Mage;v_m_hgb_n;;armor;;;he;;
he_ca_ro_thin_04;base;Thin Cap;Mage;v_m_hgb_n;;armor;;;he;;
he_ca_ro_turban_01;base;Coiled Cap;Mage;v_m_hgb_n;;armor;;;he;;int
he_ca_ro_turban_02;base;Coiled Cap;Mage;v_m_hgb_n;;armor;;;he;;int
he_ca_ro_turban_03;base;Coiled Cap;Mage;v_m_hgb_n;;armor;;;he;;int
he_ca_ro_turban_04;base;Coiled Cap;Mage;v_m_hgb_n;;armor;;;he;;int
he_ca_ro_wizard_01;base;Wizard Cap;Mage;v_m_hgb_n;;armor;;;he;;int
he_ca_ro_wizard_02;base;Wizard Cap;Mage;v_m_hgb_n;;armor;;;he;;int
he_ca_ro_wizard_03;base;Wizard Cap;Mage;v_m_hgb_n;;armor;;;he;;int
he_ca_ro_wizard_04;base;Wizard Cap;Mage;v_m_hgb_n;;armor;;;he;;int
he_ca_ro_wizard_05;base;Wizard Cap;Mage;v_m_hgb_n;;armor;;;he;;int
he_ca_ro_wizard_06;base;Wizard Cap;Mage;v_m_hgb_n;;armor;;;he;;int
he_ca_ro_wizard_07;base;Wizard Cap;Mage;v_m_hgb_n;;armor;;;he;;int
he_ca_ro_wooly_01;base;Wooly Cap;Mage;v_m_hgb_n;;armor;;;he;;
he_ca_ro_wooly_02;base;Wooly Cap;Mage;v_m_hgb_n;;armor;;;he;;
he_ca_ro_wooly_03;base;Wooly Cap;Mage;v_m_hgb_n;;armor;;;he;;int
he_ca_ro_wooly_04;base;Wooly Cap;Mage;v_m_hgb_n;;armor;;;he;;int
he_ca_ro_woven_01;base;Thicket Helm;Mage;v_m_hgb_n;;armor;;;he;;int
he_ca_ro_woven_02;base;Woven Cap;Mage;v_m_hgb_n;;armor;;;he;;int
he_ca_ro_woven_03;base;Woven Cap;Mage;v_m_hgb_n;;armor;;;he;;int
he_ca_ro_woven_04;base;Woven Cap;Mage;v_m_hgb_n;;armor;;;he;;int
he_ca_sl_avg;base;Studded Cap;Fighter;v_f_he_n;;armor;;;he;;str
he_fu_bronze;base;Bronze Helm;Fighter;v_f_he_n;;armor;;;he;;str
he_fu_bronze_02;base;Centaur Helm;Fighter;v_f_he_n;;armor;;;he;;str
he_fu_pl_desert;base;Desert Helm;Fighter;v_f_he_n;;armor;;;he;;str
he_fu_pl_grate;base;Slotted Helm;Fighter;v_f_he_n;;armor;;;he;;str
he_fu_pl_horn_avg;base;Horned Helm;Fighter;v_f_he_n;;armor;;;he;;str
he_fu_pl_horn_fin;base;Bull Helm;Fighter;v_f_he_n;;armor;;;he;;str
he_fu_pl_horn_fin_02;base;Brute Helm;Fighter;v_f_he_n;;armor;;;he;;str
he_fu_pl_horn_fin_03;base;Black Helm;Fighter;v_f_he_n;;armor;;;he;;str
he_fu_pl_horn_mag;base;Regal Helm;Fighter;v_f_he_n;;armor;;;he;;str
he_fu_pl_horn_mag_02;base;Raven Helm;Fighter;v_f_he_n;;armor;;;he;;str
he_fu_pl_knight;base;Great Helm;Fighter;v_f_he_n;;armor;;;he;;str
he_fu_pl_knight_02;base;Blaster Helm;Fighter;v_f_he_n;;armor;;;he;;str
he_fu_pl_knight_fin;base;Knight Helm;Fighter;v_f_he_n;;armor;;;he;;str
he_fu_pl_knight_fin_02;base;Karlat's Magic Helm;Fighter;v_f_he_n;;armor;;;he;;str
he_fu_pl_knight_fin_03;base;Sightless Helm;Fighter;v_f_he_s;;armor;excluded;;he;;str
he_fu_pl_knight_str;base;War Helm;Fighter;v_f_he_n;;armor;;;he;;str
he_fu_pl_knight_str_02;base;Bluster Helm;Fighter;v_f_he_n;;armor;;;he;;str
he_fu_pl_smallwings;base;Hawk Helm;Fighter;v_f_he_n;;armor;;;he;;str
he_fu_pl_smallwings_02;base;Guardian Helm;Fighter;v_f_he_n;;armor;;;he;;str
he_fu_pl_smallwings_kavaren;base;Utraean Helm;Fighter;v_f_he_s;;armor;excluded;;he;;str
he_fu_pl_spike;base;Spiked Helm;Fighter;v_f_he_n;;armor;;;he;;str
he_fu_pl_str;base;Heavy Helm;Fighter;v_f_he_n;;armor;;;he;;str
he_op_bigwings;base;Soaring Helm;Fighter;v_f_he_n;;armor;;;he;;str
he_op_bigwings_02;base;Winged Helm;Fighter;v_f_he_n;;armor;;;he;;str
he_op_pl_avg;base;Sentry Helm;Fighter;v_f_he_n;;armor;;;he;;str
he_op_pl_cone;base;Tusk Helm;Fighter;v_f_he_n;;armor;;;he;;str
he_op_pl_eyes;base;Face Helm;Fighter;v_f_he_n;;armor;;;he;;str
he_op_pl_roman;base;Parade Helm;Fighter;v_f_he_n;;armor;;;he;;str
he_op_pl_roman_02;base;Sovereign Helm;Fighter;v_f_he_n;;armor;;;he;;str
he_op_pl_santa;base;Crimson Helm;Fighter;v_f_he_n;;armor;;;he;;str
he_op_pl_santa_02;base;Dashing Helm;Fighter;v_f_he_n;;armor;;;he;;str
he_ra_ca_le_avg;base;Pauper Cap;;v_any;;armor;;;he;rare;
he_ra_ca_pl_avg;base;Snug Cap;Fighter;v_f_he_s;;armor;;;he;rare;str
he_ra_ca_pl_cap;base;Wanderer Cap;Fighter;v_f_he_s;;armor;;;he;rare;str
he_ra_ca_pl_dome;base;Sheen Cap;Fighter;v_f_he_s;;armor;;;he;rare;str
he_ra_ca_ro_felt_01;base;Rustic Cap;Mage;v_m_hgb_s;;armor;;;he;rare;int
he_ra_ca_ro_flat_02;base;Pressed Cap;Mage;v_m_hgb_s;;armor;;;he;rare;int
he_ra_ca_ro_slope_04;base;Cerebral Cap;Mage;v_m_hgb_s;;armor;;;he;rare;int
he_ra_ca_ro_thin_04;base;Scratchy Cap;Mage;v_m_hgb_s;;armor;;;he;rare;
he_ra_ca_ro_wizard_03;base;Knowledge Cap;Mage;v_m_hgb_s;;armor;;;he;rare;int
he_ra_ca_ro_wizard_04;base;Knowledge Cap;Mage;v_m_hgb_s;;armor;;;he;rare;
he_ra_ca_ro_wizard_06;base;Knowledge Cap;Mage;v_m_hgb_s;;armor;;;he;rare;int
he_ra_ca_ro_wooly_02;base;Warmth Cap;Mage;v_m_hgb_s;;armor;;;he;rare;int
he_ra_ca_ro_wooly_04;base;Warmth Cap;Mage;v_m_hgb_s;;armor;;;he;rare;int
he_ra_ca_ro_woven_03;base;Loom Cap;Mage;v_m_hgb_s;;armor;;;he;rare;int
he_ra_ca_sl_avg;base;Traveling Cap;Fighter;v_f_he_s;;armor;;;he;rare;str
he_ra_fu_pl_desert;base;Seething Helm;Fighter;v_f_he_s;;armor;;;he;rare;str
he_ra_fu_pl_horn_fin;base;Gore Helm;Fighter;v_f_he_s;;armor;;;he;rare;str
he_ra_fu_pl_horn_mag;base;Conqueror Helm;Fighter;v_f_he_s;;armor;;;he;rare;str
he_ra_fu_pl_knight;base;Echo Helm;Fighter;v_f_he_s;;armor;;;he;rare;str
he_ra_fu_pl_knight_fin;base;Bloody Helm;Fighter;v_f_he_s;;armor;;;he;rare;str
he_ra_fu_pl_knight_fin_02;base;Bloody Helm;Fighter;v_f_he_s;;armor;;;he;rare;str
he_ra_fu_pl_knight_str;base;Menacing Helm;Fighter;v_f_he_s;;armor;;;he;rare;str
he_ra_fu_pl_spike;base;Prickly Helm;Fighter;v_f_he_s;;armor;;;he;rare;str
he_ra_fu_pl_str;base;Bolted Helm;Fighter;v_f_he_s;;armor;;;he;rare;str
he_ra_op_bigwings;base;Spirited Helm;Fighter;v_f_he_s;;armor;;;he;rare;str
he_ra_op_pl_avg;base;Jaw Helm;Fighter;v_f_he_s;;armor;;;he;rare;str
he_ra_op_pl_cone;base;Stature Helm;Fighter;v_f_he_s;;armor;;;he;rare;str
he_ra_op_pl_roman;base;Whiplash Helm;Fighter;v_f_he_s;;armor;;;he;rare;str
he_ra_un_fu_pl_skull;base;Disturbed Helm;Fighter;v_f_he_s;;armor;;;he;unique;str
he_ra_vi_pl_knight;base;Burdened Helm;Fighter;v_f_he_s;;armor;;;he;rare;str
he_un_ca_barbarian;base;Olaf's Helmet;Fighter;v_f_he_s;;armor;;;he;unique;str
he_un_ca_cowskull;base;Bovine Helm;Fighter;v_f_he_s;;armor;;;he;unique;str
he_un_ca_brim;base;Brimmed Hat;Fighter;v_f_he_s;;armor;;;he;unique;str
he_un_ca_moon;base;Luna Cap;Fighter;v_f_he_s;;armor;;;he;unique;str
he_un_ca_pl_guard_archer;base;Archer Helm;Fighter;v_f_he_s;;armor;excluded;;he;unique;str
he_un_ca_ro_warlock;base;Warlock Hat;Mage;v_m_hgb_s;;armor;;;he;unique;
he_un_ca_tallcrown;base;Imperial Helm;Fighter;v_f_he_s;;armor;;;he;unique;str
he_un_fu_crystal;base;Crystal Helm;Fighter;v_f_he_s;;armor;;;he;unique;str
he_un_fu_eyebrows;base;Eye Helm;Fighter;v_f_he_s;;armor;;;he;unique;str
he_un_fu_pl_fish;base;Fish Helm;Fighter;v_f_he_s;;armor;;;he;unique;str
he_un_fu_pl_fish_02;base;Dragonfly Helm;Fighter;v_f_he_s;;armor;;;he;unique;str
he_un_fu_pl_skull;base;Carnage Helm;Fighter;v_f_he_s;;armor;;;he;unique;str
he_un_mask_bone;base;Bone Helm;Fighter;v_f_he_s;;armor;;;he;unique;str
he_un_op_pl_guard_captain;base;Captain Helm;Fighter;v_f_he_s;;armor;excluded;;he;unique;str
he_un_op_pl_guard_fighter;base;Guard Helm;Fighter;v_f_he_s;;armor;excluded;;he;unique;str
he_un_spider;base;Black Widow Helmet;Fighter;v_f_he_s;;armor;;;he;unique;str
he_un_vi_dragon;base;Serpentine Helmet;Fighter;v_f_he_s;;armor;;;he;unique;str
he_un_vi_moto;base;Challenger Helm;Fighter;v_f_he_s;;armor;;;he;unique;str
he_vi_pl_knight;base;Knight Helm;Fighter;v_f_he_n;;armor;;;he;;str
sh_m_g_c_r_s_avg;c_mag;Metal Buckler;Fighter;v_f_sh_n;;armor;;;sh;;str
sh_m_g_c_r_s_avg;c_str;Metal Buckler;Fighter;v_f_sh_n;;armor;;;sh;;str
sh_m_g_c_r_s_avg;o_avg;Metal Buckler;Fighter;v_f_sh_n;;armor;;;sh;;str
sh_m_g_c_r_s_avg;o_fin;Metal Buckler;Fighter;v_f_sh_n;;armor;;;sh;;str
sh_m_g_c_r_s_avg;o_mag;Metal Buckler;Fighter;v_f_sh_n;;armor;;;sh;;str
sh_m_g_c_r_s_avg;o_str;Metal Buckler;Fighter;v_f_sh_n;;armor;;;sh;;str
sh_m_g_c_r_s_low;;Rusted Metal Buckler;Fighter;v_f_sh_n;;armor;;;sh;;
sh_ra_m_c_h_s_practice;base;Practice Shield;Fighter;v_f_sh_s;;armor;;;sh;rare;str
sh_ra_m_c_k_m_practice;base;Practice Kite Shield;Fighter;v_f_sh_s;;armor;;;sh;rare;str
sh_ra_m_c_r_l_stamp;base;Stamp Shield;Fighter;v_f_sh_s;;armor;;;sh;rare;str
sh_ra_m_c_r_m_decrepit;base;Decrepit Shield;Fighter;v_f_sh_s;;armor;;;sh;rare;
sh_ra_m_c_r_m_rivet;base;Rivet Buckler;Fighter;v_f_sh_s;;armor;;;sh;rare;str
sh_ra_m_c_r_m_serrated;base;Serrated Shield;Fighter;v_f_sh_s;;armor;;;sh;rare;str
sh_ra_m_c_r_m_strapped;base;Strapped Shield;Fighter;v_f_sh_s;;armor;;;sh;rare;str
sh_ra_m_c_r_m_wreath;base;Wreath Shield;Fighter;v_f_sh_s;;armor;;;sh;rare;str
sh_ra_m_g_o_r_s_fin;o_str;Tortoise Shield;Fighter;v_f_sh_s;;armor;;;sh;rare;str
sh_ra_m_o_h_s_spine;base;Spine Shield;Fighter;v_f_sh_s;;armor;;;sh;rare;str
sh_ra_m_o_r_m_cinder;base;Crimson Shield;Fighter;v_f_sh_s;;armor;;;sh;rare;str
sh_ra_m_o_r_m_disc;base;Disc Shield;Fighter;v_f_sh_s;;armor;;;sh;rare;str
sh_ra_m_o_r_m_frost;base;Frost Shield;Fighter;v_f_sh_s;;armor;;;sh;rare;str
sh_ra_m_o_r_m_quad;base;Quad Shield;Fighter;v_f_sh_s;;armor;;;sh;rare;str
sh_ra_m_o_r_m_shell;base;Shell Shield;Fighter;v_f_sh_s;;armor;;;sh;rare;str
sh_ra_m_o_r_s_etched;base;Etched Shield;Fighter;v_f_sh_s;;armor;;;sh;rare;str
sh_ra_w_c_c_m_strike;base;Strike Shield;Fighter;v_f_sh_s;;armor;;;sh;rare;str
sh_ra_w_c_k_m_braced;base;Braced Shield;Fighter;v_f_sh_s;;armor;;;sh;rare;str
sh_ra_w_c_k_s_pelt;base;Pelt Shield;Fighter;v_f_sh_s;;armor;;;sh;rare;
sh_ra_w_g_c_h_m_fin;base;Ordained Shield;Fighter;v_f_sh_s;;armor;;;sh;rare;str
sh_ra_w_g_c_h_m_fin;c_str;Ordained Shield;Fighter;v_f_sh_s;;armor;;;sh;rare;str
sh_ra_w_g_c_h_m_fin;o_fin;Ordained Shield;Fighter;v_f_sh_s;;armor;;;sh;rare;str
sh_ra_w_g_c_k_l_fin;base;Forged Shield;Fighter;v_f_sh_s;;armor;;;sh;rare;str
sh_ra_w_g_c_k_l_fin;c_str;Forged Shield;Fighter;v_f_sh_s;;armor;;;sh;rare;str
sh_ra_w_g_c_k_l_fin;o_fin;Forged Shield;Fighter;v_f_sh_s;;armor;;;sh;rare;str
sh_ra_w_g_c_k_l_fin;o_str;Forged Shield;Fighter;v_f_sh_s;;armor;;;sh;rare;str
sh_ra_w_g_c_k_m_fin;base;Clobber Shield;Fighter;v_f_sh_s;;armor;;;sh;rare;str
sh_ra_w_g_c_k_m_fin;c_mag;Clobber Shield;Fighter;v_f_sh_s;;armor;;;sh;rare;str
sh_ra_w_g_c_k_m_fin;c_str;Clobber Shield;Fighter;v_f_sh_s;;armor;;;sh;rare;str
sh_ra_w_g_c_k_m_fin;o_mag;Clobber Shield;Fighter;v_f_sh_s;;armor;;;sh;rare;str
sh_ra_w_g_c_k_m_fin;o_str;Clobber Shield;Fighter;v_f_sh_s;;armor;;;sh;rare;str
sh_ra_w_g_c_r_m_fin;base;Forthright Shield;Fighter;v_f_sh_s;;armor;;;sh;rare;str
sh_ra_w_g_c_r_m_fin;o_fin;Forthright Shield;Fighter;v_f_sh_s;;armor;;;sh;rare;str
sh_ra_w_g_c_r_m_fin;o_mag;Forthright Shield;Fighter;v_f_sh_s;;armor;;;sh;rare;str
sh_ra_w_g_c_r_m_fin;o_str;Forthright Shield;Fighter;v_f_sh_s;;armor;;;sh;rare;str
sh_ra_w_g_c_r_s_fin;base;Impact Shield;Fighter;v_f_sh_s;;armor;;;sh;rare;str
sh_ra_w_g_c_r_s_fin;o_fin;Impact Shield;Fighter;v_f_sh_s;;armor;;;sh;rare;str
sh_ra_w_g_o_k_m_fin;base;Clipper Shield;Fighter;v_f_sh_s;;armor;;;sh;rare;str
sh_ra_w_g_o_t_l_avg;base;Savior Shield;Fighter;v_f_sh_s;;armor;;;sh;rare;str
sh_ra_w_g_o_t_l_avg;c_fin;Savior Shield;Fighter;v_f_sh_s;;armor;;;sh;rare;str
sh_ra_w_g_o_t_l_avg;c_mag;Savior Shield;Fighter;v_f_sh_s;;armor;;;sh;rare;str
sh_ra_w_g_o_t_l_avg;c_str;Savior Shield;Fighter;v_f_sh_s;;armor;;;sh;rare;str
sh_ra_w_g_o_t_l_avg;o_fin;Savior Shield;Fighter;v_f_sh_s;;armor;;;sh;rare;str
sh_ra_w_g_o_t_l_avg;o_str;Savior Shield;Fighter;v_f_sh_s;;armor;;;sh;rare;str
sh_ra_w_o_k_m_haze;base;Haze Shield;Fighter;v_f_sh_s;;armor;;;sh;rare;str
sh_u_g_c_k_l_avg;base;Mystic Kite Shield;Fighter;v_f_sh_s;;armor;excluded;;sh;;str
sh_u_g_c_r_m_avg;;Slat Shield;Fighter;v_f_sh_n;;armor;;;sh;;str
sh_u_g_c_r_s_avg;;Stock Shield;Fighter;v_f_sh_n;;armor;;;sh;;str
sh_un_kite_ice;base;Ice Shield;Fighter;v_f_sh_s;;armor;;;sh;unique;str
sh_un_m_c_h_m_mold;base;Mold Shield;Fighter;v_f_sh_s;;armor;;;sh;unique;str
sh_un_m_o_c_m_parade;base;Parade Shield;Fighter;v_f_sh_s;;armor;;;sh;unique;str
sh_un_m_o_c_m_vesicle;base;Vesicle Shield;Fighter;v_f_sh_s;;armor;;;sh;unique;str
sh_un_m_o_h_s_horn;base;Horn Shield;Fighter;v_f_sh_s;;armor;;;sh;unique;str
sh_un_m_o_h_s_ram;base;Ram Shield;Fighter;v_f_sh_s;;armor;;;sh;unique;str
sh_un_m_o_k_m_dermal;base;Dermal Shield;Fighter;v_f_sh_s;;armor;excluded;;sh;unique;str
sh_un_m_o_k_m_guardian;base;Guardian Shield;Fighter;v_f_sh_s;;armor;;;sh;unique;str
sh_un_m_o_k_m_maw;base;Maw Shield;Fighter;v_f_sh_s;;armor;;;sh;unique;str
sh_un_m_o_k_m_sumbioum;base;Subioum Shield;Fighter;v_f_sh_s;;armor;;;sh;unique;str
sh_un_m_o_r_m_aurora;base;Aurora Shield;Fighter;v_f_sh_s;;armor;;;sh;unique;str
sh_un_m_o_r_m_canker;base;Canker Shield;Fighter;v_f_sh_s;;armor;;;sh;unique;str
sh_un_m_o_r_m_chitin;base;Chitin Shield;Fighter;v_f_sh_s;;armor;;;sh;unique;str
sh_un_m_o_r_m_fury;base;Fury Shield;Fighter;v_f_sh_s;;armor;;;sh;unique;str
sh_un_m_o_r_m_spirit;base;Spirit Shield;Fighter;v_f_sh_s;;armor;;;sh;unique;str
sh_un_m_o_r_m_turtle;base;Turtle Shield;Fighter;v_f_sh_s;;armor;;;sh;unique;str
sh_un_w_o_h_m_beast;base;Beast Shield;Fighter;v_f_sh_s;;armor;;;sh;unique;str
sh_un_w_o_k_m_crown;base;Crown Shield;Fighter;v_f_sh_s;;armor;;;sh;unique;str
sh_w_g_c_h_m_avg;base;Heater Shield;Fighter;v_f_sh_n;;armor;;;sh;;str
sh_w_g_c_h_m_avg;c_mag;Heater Shield;Fighter;v_f_sh_n;;armor;;;sh;;str
sh_w_g_c_h_m_avg;c_str;Heater Shield;Fighter;v_f_sh_n;;armor;;;sh;;str
sh_w_g_c_h_m_avg;o_avg;Heater Shield;Fighter;v_f_sh_n;;armor;;;sh;;str
sh_w_g_c_h_m_avg;o_mag;Heater Shield;Fighter;v_f_sh_n;;armor;;;sh;;str
sh_w_g_c_h_m_avg;o_str;Heater Shield;Fighter;v_f_sh_n;;armor;;;sh;;str
sh_w_g_c_k_l_avg;base;Large Kite Shield;Fighter;v_f_sh_n;;armor;;;sh;;str
sh_w_g_c_k_l_avg;c_fin;Large Kite Shield;Fighter;v_f_sh_n;;armor;;;sh;;str
sh_w_g_c_k_l_avg;c_str;Large Kite Shield;Fighter;v_f_sh_n;;armor;;;sh;;str
sh_w_g_c_k_l_avg;o_avg;Large Kite Shield;Fighter;v_f_sh_n;;armor;;;sh;;str
sh_w_g_c_k_l_avg;o_str;Large Kite Shield;Fighter;v_f_sh_n;;armor;;;sh;;str
sh_w_g_c_k_m_avg;base;Kite Shield;Fighter;v_f_sh_n;;armor;;;sh;;str
sh_w_g_c_k_m_avg;c_fin;Kite Shield;Fighter;v_f_sh_n;;armor;;;sh;;str
sh_w_g_c_k_m_avg;c_mag;Kite Shield;Fighter;v_f_sh_n;;armor;;;sh;;str
sh_w_g_c_k_m_avg;c_str;Kite Shield;Fighter;v_f_sh_n;;armor;;;sh;;str
sh_w_g_c_k_m_avg;o_avg;Kite Shield;Fighter;v_f_sh_n;;armor;;;sh;;str
sh_w_g_c_k_m_avg;o_mag;Kite Shield;Fighter;v_f_sh_n;;armor;;;sh;;str
sh_w_g_c_k_m_avg;o_str;Kite Shield;Fighter;v_f_sh_n;;armor;;;sh;;str
sh_w_g_c_r_m_avg;base;Wooden Shield;Fighter;v_f_sh_n;;armor;;;sh;;str
sh_w_g_c_r_m_avg;c_mag;Wooden Shield;Fighter;v_f_sh_n;;armor;;;sh;;str
sh_w_g_c_r_m_avg;c_str;Wooden Shield;Fighter;v_f_sh_n;;armor;;;sh;;str
sh_w_g_c_r_m_avg;o_avg;Wooden Shield;Fighter;v_f_sh_n;;armor;;;sh;;str
sh_w_g_c_r_m_avg;o_fin;Wooden Shield;Fighter;v_f_sh_n;;armor;;;sh;;str
sh_w_g_c_r_m_avg;o_mag;Wooden Shield;Fighter;v_f_sh_n;;armor;;;sh;;str
sh_w_g_c_r_m_avg;o_str;Wooden Shield;Fighter;v_f_sh_n;;armor;;;sh;;str
sh_w_g_c_r_m_fun;;Page Shield;Fighter;v_f_sh_n;;armor;;;sh;;
sh_w_g_c_r_s_avg;c_fin;Wooden Buckler;Fighter;v_f_sh_n;;armor;;;sh;;str
sh_w_g_c_r_s_avg;c_mag;Wooden Buckler;Fighter;v_f_sh_n;;armor;;;sh;;str
sh_w_g_c_r_s_avg;c_str;Wooden Buckler;Fighter;v_f_sh_n;;armor;;;sh;;str
sh_w_g_c_r_s_avg;o_avg;Wooden Buckler;Fighter;v_f_sh_n;;armor;;;sh;;str
sh_w_g_c_r_s_avg;o_fin;Wooden Buckler;Fighter;v_f_sh_n;;armor;;;sh;;str
sh_w_g_c_r_s_avg;o_mag;Wooden Buckler;Fighter;v_f_sh_n;;armor;;;sh;;str
sh_w_g_c_r_s_avg;o_str;Wooden Buckler;Fighter;v_f_sh_n;;armor;;;sh;;str
sh_w_g_c_r_s_elm;base;Elm Buckler;Fighter;v_f_sh_n;;armor;;;sh;;str
sh_w_g_c_r_s_fun;;Small Shield;Fighter;v_f_sh_n;;armor;;;sh;;
sh_w_g_c_r_s_krohar;base;Krohar's Buckler;Fighter;v_f_sh_s;;armor;excluded;;sh;;str
sh_w_g_c_s_m_fun;;Old Wooden Shield;Fighter;v_f_sh_n;;armor;;;sh;;str
sh_z_g_c_r_m_avg;;Painted Shield;Fighter;v_f_sh_n;;armor;;;sh;;str
tongs;;Tongs;;v_excluded;;armor;excluded;;;;
bd_pl_f_g_c_death_knight;;Death Knight Armour;Fighter;loa_excluded;LoA;armor;excluded;;bd;;
bd_ch_f_g_c_avg_hassat_dsx;base;Hassat Fur Hauberk;Fighter;loa_f_bd;LoA;armor;;;bd;;str
bd_le_f_g_c_avg_zaurask_dsx;base;Zaurask Leather;Fighter;loa_f_bd;LoA;armor;;;bd;;str
bd_ba_f_g_c_avg_hassat_dsx;base;Padded Hassat Armor;Fighter;loa_f_bd;LoA;armor;;;bd;;str
bd_le_f_g_c_avg_hassat_dsx;base;Hassat Hide Hauberk;Fighter;loa_f_bd;LoA;armor;;;bd;;str
bd_ba_f_g_c_avg_zpad_dsx;base;Zaurask Padded Leather;Fighter;loa_f_bd;LoA;armor;;;bd;;str
bd_pl_f_g_c_avg_alloy_dsx;base;Articulated Alloy Armor;Fighter;loa_f_bd;LoA;armor;;;bd;;str
bd_le_f_g_c_avg_zcured_dsx;base;Zaurask Scalemail;Fighter;loa_f_bd;LoA;armor;;;bd;;str
bd_pl_f_g_c_avg_utraean_dsx;base;Utraean Plate;Fighter;loa_f_bd;LoA;armor;;;bd;;str
bd_le_f_g_c_avg_dragon_dsx;base;Dragon Leather;Fighter;loa_f_bd;LoA;armor;;;bd;;str
bd_le_f_g_c_avg_nemean_dsx;base;Nemean Hide;Fighter;loa_f_bd;LoA;armor;;;bd;;str
bd_sc_f_g_c_avg_dragon_dsx;base;Dragon Scalemail;Fighter;loa_f_bd;LoA;armor;;;bd;;str
bd_bp_f_g_c_avg_alloy_dsx;base;Alloy Heavy Plate;Fighter;loa_f_bd;LoA;armor;;;bd;;str
bd_sl_f_g_c_avg_nemean_dsx;base;Nemean Armor;Fighter;loa_f_bd;LoA;armor;;;bd;;str
bd_pl_f_g_c_avg_alloy2_dsx;base;Transfused Plate;Fighter;loa_f_bd;LoA;armor;;;bd;;str
bd_pl_f_g_c_avg_dragon_dsx;base;Dragon Platemail;Fighter;loa_f_bd;LoA;armor;;;bd;;str
bd_bp_f_g_c_avg_utraean_dsx;base;Utraearch Battle Plate;Fighter;loa_f_bd;LoA;armor;;;bd;;str
bd_bp_f_g_c_avg_alloy2_dsx;base;Transcendent Plate;Fighter;loa_f_bd;LoA;armor;;;bd;;str
bd_le_m_g_c_avg_woven_dsx;base;Woven Suit;Mage;loa_m_bd;LoA;armor;;;bd;;int
bd_le_m_g_c_avg_spider_dsx;base;Spidersilk Hauberk;Mage;loa_m_bd;LoA;armor;;;bd;;int
bd_le_m_g_c_avg_crmech_dsx;base;Crude Electric Plate;Mage;loa_m_bd;LoA;armor;;;bd;;int
bd_le_m_g_c_avg_ltmech_dsx;base;Light Mechanized Suit;Mage;loa_m_bd;LoA;armor;;;bd;;int
bd_le_m_g_c_avg_beaded_dsx;base;Beaded Hauberk;Mage;loa_m_bd;LoA;armor;;;bd;;int
bd_le_m_g_c_avg_woven_reinforced_dsx;base;Iron Thread Suit;Mage;loa_m_bd;LoA;armor;;;bd;;int
bd_le_m_g_c_avg_ceramic_dsx;base;Ceramic Suit;Mage;loa_m_bd;LoA;armor;;;bd;;int
bd_le_m_g_c_avg_mech_dsx;base;Mechanized Suit;Mage;loa_m_bd;LoA;armor;;;bd;;int
bd_le_m_g_c_avg_magesilk_dsx;base;Magesilk Shirt;Mage;loa_m_bd;LoA;armor;;;bd;;int
bd_le_m_g_c_avg_recon_dsx;base;Light Recondite Suit;Mage;loa_m_bd;LoA;armor;;;bd;;int
bd_le_m_g_c_avg_beaded2_dsx;base;Patterned Hauberk;Mage;loa_m_bd;LoA;armor;;;bd;;int
bd_le_m_g_c_avg_spider_framed_dsx;base;Framed Spidersilk Hauberk;Mage;loa_m_bd;LoA;armor;;;bd;;int
bd_le_m_g_c_avg_hvmech_dsx;base;Heavy Mechanized Suit;Mage;loa_m_bd;LoA;armor;;;bd;;int
bd_pl_m_g_c_avg_hvelectric_dsx;base;Heavy Electric Plate;Mage;loa_m_bd;LoA;armor;;;bd;;int
bd_br_m_g_c_avg_recon_dsx;base;Recondite Suit;Mage;loa_m_bd;LoA;armor;;;bd;;int
bd_le_m_g_c_avg_ceramic2_dsx;base;Inscribed Suit;Mage;loa_m_bd;LoA;armor;;;bd;;int
bd_pl_m_g_c_avg_recon_dsx;base;Heavy Recondite Suit;Mage;loa_m_bd;LoA;armor;;;bd;;int
bd_bp_m_g_c_avg_recon_dsx;base;Recondite Battle Plate;Mage;loa_m_bd;LoA;armor;;;bd;;int
bd_br_r_g_c_avg_culeaf_dsx;base;Cured Leaf Hauberk;Ranger;loa_r_bd;LoA;armor;;;bd;;dex
bd_br_r_g_c_avg_rubber_dsx;base;Fiber Suit;Ranger;loa_r_bd;LoA;armor;;;bd;;dex
bd_br_r_g_c_avg_hassat_dsx;base;Hassat Skin Robe;Ranger;loa_r_bd;LoA;armor;;;bd;;dex
bd_br_r_g_c_avg_bark_dsx;base;Bark Casing;Ranger;loa_r_bd;LoA;armor;;;bd;;dex
bd_br_r_g_c_avg_flywing_dsx;base;Flywing Hauberk;Ranger;loa_r_bd;LoA;armor;;;bd;;dex
bd_br_r_g_c_avg_laleaf_dsx;base;Lacquered Leaf Hauberk;Ranger;loa_r_bd;LoA;armor;;;bd;;dex
bd_br_r_g_c_avg_zaurask_dsx;base;Zaurask Hide Robe;Ranger;loa_r_bd;LoA;armor;;;bd;;dex
bd_br_r_g_c_avg_thessic_dsx;base;Thessic Suit;Ranger;loa_r_bd;LoA;armor;;;bd;;dex
bd_br_r_g_c_avg_bug_dsx;base;Carapace Plate;Ranger;loa_r_bd;LoA;armor;;;bd;;dex
bd_br_r_g_c_avg_knleaf_dsx;base;Knotted Leaf Hauberk;Ranger;loa_r_bd;LoA;armor;;;bd;;dex
bd_br_r_g_c_avg_releaf_dsx;base;Reinforced Leaf Armor;Ranger;loa_r_bd;LoA;armor;;;bd;;dex
bd_br_r_g_c_avg_artbug_dsx;base;Articulated Carapace Armor;Ranger;loa_r_bd;LoA;armor;;;bd;;dex
bd_br_r_g_c_avg_hvrubber_dsx;base;Heavy Fiber Suit;Ranger;loa_r_bd;LoA;armor;;;bd;;dex
bd_br_r_g_c_avg_chitter_dsx;base;Chitterskrag Armor;Ranger;loa_r_bd;LoA;armor;;;bd;;dex
bd_pl_r_g_c_avg_flywing_dsx;base;Elaborate Flywing Plate;Ranger;loa_r_bd;LoA;armor;;;bd;;dex
bd_le_r_g_c_avg_arbor_dsx;base;Arboreal Suit;Ranger;loa_r_bd;LoA;armor;;;bd;;dex
bd_sc_r_g_c_avg_exo_dsx;base;Exoskeleton Suit;Ranger;loa_r_bd;LoA;armor;;;bd;;dex
bd_ch_r_g_c_avg_arbor_dsx;base;Arboreal Armor;Ranger;loa_r_bd;LoA;armor;;;bd;;dex
bd_ba_r_g_c_avg_midnight_dsx;base;Midnight Suit;Ranger;loa_r_bd;LoA;armor;;;bd;;dex
bd_bp_r_g_c_avg_arbor_dsx;base;Arboreal Battle Plate;Ranger;loa_r_bd;LoA;armor;;;bd;;dex
bd_ro_m_g_c_avg_woven_dsx;base;Woven Robe;Mage;loa_m_bd;LoA;armor;;;bd;;int
bd_ro_m_g_c_avg_spider_dsx;base;Spidersilk Robe;Mage;loa_m_bd;LoA;armor;;;bd;;int
bd_ro_m_g_c_avg_rubber_dsx;base;Fiber Robe;Mage;loa_m_bd;LoA;armor;;;bd;;int
bd_ro_m_g_c_avg_leaf_dsx;base;Leaf Robe;Mage;loa_m_bd;LoA;armor;;;bd;;int
bd_ro_m_g_c_avg_cebead_dsx;base;Ceramic Beaded Robe;Mage;loa_m_bd;LoA;armor;;;bd;;int
bd_ro_m_g_c_avg_elbead_dsx;base;Elaborate Beaded Robe;Mage;loa_m_bd;LoA;armor;;;bd;;int
bd_ro_m_g_c_avg_hewoven_dsx;base;Steel Thread Robe;Mage;loa_m_bd;LoA;armor;;;bd;;int
bo_bo_sc_f_g_c_avg_alloy_dsx;base;Alloy Boots;Fighter;loa_f_hgb;LoA;armor;;;bo;;str
bo_bo_sc_f_g_c_avg_alloy2_dsx;base;Transcendant Boots;Fighter;loa_f_hgb;LoA;armor;;;bo;;str
bo_sh_sc_m_g_c_avg_woven_dsx;base;Woven Shoes;Mage;loa_m_hgb;LoA;armor;;;bo;;int
bo_bo_sc_m_g_c_avg_beaded_dsx;base;Beaded Boots;Mage;loa_m_hgb;LoA;armor;;;bo;;int
bo_bo_sc_m_g_c_avg_geared_dsx;base;Geared Boots;Mage;loa_m_hgb;LoA;armor;;;bo;;int
bo_bo_sc_m_g_c_avg_ceramic_dsx;base;Ceramic Boots;Mage;loa_m_hgb;LoA;armor;;;bo;;int
bo_bo_sc_m_g_c_avg_beaded2_dsx;base;Jeweled Boots;Mage;loa_m_hgb;LoA;armor;;;bo;;int
bo_sh_sc_m_g_c_avg_woven2_dsx;base;Occult Shoes;Mage;loa_m_hgb;LoA;armor;;;bo;;int
bo_bo_sc_m_g_c_avg_ceramic2_dsx;base;Etched Boots;Mage;loa_m_hgb;LoA;armor;;;bo;;int
bo_bo_sc_m_g_c_avg_geared2_dsx;base;Recondite Boots;Mage;loa_m_hgb;LoA;armor;;;bo;;int
bo_sh_sc_r_g_c_avg_rubber_dsx;base;Fiber Shoes;Ranger;loa_r_hgb;LoA;armor;;;bo;;dex
bo_bo_sc_r_g_c_avg_flywing_dsx;base;Flywing Boots;Ranger;loa_r_hgb;LoA;armor;;;bo;;dex
bo_sh_sc_r_g_c_avg_bug_dsx;base;Chitin Shoes;Ranger;loa_r_hgb;LoA;armor;;;bo;;dex
bo_bo_sc_r_g_c_avg_rubber_dsx;base;Fiber Boots;Ranger;loa_r_hgb;LoA;armor;;;bo;;dex
bo_sh_sc_r_g_c_avg_flywing_dsx;base;Flywing Shoes;Ranger;loa_r_hgb;LoA;armor;;;bo;;dex
bo_sh_sc_r_g_c_avg_bug2_dsx;base;Exoskeleton Shoes;Ranger;loa_r_hgb;LoA;armor;;;bo;;dex
bo_sh_sc_r_g_c_avg_rubber2_dsx;base;Midnight Boots;Ranger;loa_r_hgb;LoA;armor;;;bo;;dex
bo_sh_sc_r_g_c_avg_flywing2_dsx;base;Arboreal Boots;Ranger;loa_r_hgb;LoA;armor;;;bo;;dex
gl_ga_sc_f_g_c_avg_alloy_dsx;base;Alloy Gauntlets;Fighter;loa_f_hgb;LoA;armor;;;gl;;str
gl_ga_sc_f_g_c_avg_alloy2_dsx;base;Transcendant Gauntlets;Fighter;loa_f_hgb;LoA;armor;;;gl;;str
gl_gl_sc_m_g_c_avg_woven_dsx;base;Woven Gloves;Mage;loa_m_hgb;LoA;armor;;;gl;;int
gl_ga_sc_m_g_c_avg_beaded_dsx;base;Beaded Gauntlets;Mage;loa_m_hgb;LoA;armor;;;gl;;int
gl_ga_sc_m_g_c_avg_geared_dsx;base;Geared Gauntlets;Mage;loa_m_hgb;LoA;armor;;;gl;;int
gl_ga_sc_m_g_c_avg_beaded2_dsx;base;Jeweled Gauntlets;Mage;loa_m_hgb;LoA;armor;;;gl;;int
gl_ga_sc_m_g_c_avg_electric_dsx;base;Electric Gauntlets;Mage;loa_m_hgb;LoA;armor;;;gl;;int
gl_gl_sc_m_g_c_avg_woven2_dsx;base;Occult Gloves;Mage;loa_m_hgb;LoA;armor;;;gl;;int
gl_ga_sc_m_g_c_avg_electric2_dsx;base;Recondite Gauntlets;Mage;loa_m_hgb;LoA;armor;;;gl;;int
gl_gl_sc_r_g_c_avg_leaf_dsx;base;Cured Leaf Gloves;Ranger;loa_r_hgb;LoA;armor;;;gl;;dex
gl_ra_ga_m_ba_f_g_c_fin_starfield_dsx;base;Starfield Gauntlets;Ranger;loa_r_hgb;LoA;armor;;;gl;rare;dex
gl_gl_sc_r_g_c_avg_flywing_dsx;base;Flywing Gloves;Ranger;loa_r_hgb;LoA;armor;;;gl;;dex
gl_gl_sc_r_g_c_avg_shell_dsx;base;Shell Gloves;Ranger;loa_r_hgb;LoA;armor;;;gl;;dex
gl_gl_sc_r_g_c_avg_rubber_dsx;base;Fiber Gloves;Ranger;loa_r_hgb;LoA;armor;;;gl;;dex
gl_ga_sc_r_g_c_avg_flywing_dsx;base;Flywing Gauntlets;Ranger;loa_r_hgb;LoA;armor;;;gl;;dex
gl_gl_sc_r_g_c_avg_shell2_dsx;base;Exoskeleton Gloves;Ranger;loa_r_hgb;LoA;armor;;;gl;;dex
gl_gl_sc_r_g_c_avg_rubber2_dsx;base;Midnight Gloves;Ranger;loa_r_hgb;LoA;armor;;;gl;;dex
gl_gl_sc_r_g_c_avg_leaf2_dsx;base;Arboreal Gloves;Ranger;loa_r_hgb;LoA;armor;;;gl;;dex
he_op_pl_f_ofkhar_dsx;;Helm of Khar;Fighter;loa_f_hgb;LoA;armor;excluded;;he;;
2w_he_op_pl_f_ofkhar_dsx;;Super Helm of Khar;Fighter;loa_f_hgb;LoA;armor;excluded;;he;;
3w_he_op_pl_f_ofkhar_dsx;;Supreme Helm of Khar;Fighter;loa_f_hgb;LoA;armor;excluded;;he;;
he_ra_ca_le_avg_pimp;;Mac Daddy Cap of Procurement;;loa_bonus;LoA;armor;excluded;;he;rare;
he_ca_pl_f_alloy_dsx;base;Alloy Dome;Fighter;loa_f_hgb;LoA;armor;;;he;;str
he_op_pl_f_allow_crown_dsx;base;Alloy Crown;Fighter;loa_f_hgb;LoA;armor;;;he;;str
he_op_pl_m_bone_crown_dsx;base;Bone Crown;Mage;loa_m_hgb;LoA;armor;;;he;;int
he_vi_pl_m_woven_headband_dsx;base;Woven Headband;Mage;loa_m_hgb;LoA;armor;;;he;;int
he_vi_pl_m_beaded_headband_dsx;base;Beaded Headband;Mage;loa_m_hgb;LoA;armor;;;he;;int
he_fl_pl_m_woven_wrap_dsx;base;Woven Wrap;Mage;loa_m_hgb;LoA;armor;;;he;;int
he_fl_pl_m_beaded_wrap_dsx;base;Beaded Wrap;Mage;loa_m_hgb;LoA;armor;;;he;;int
he_vi_pl_m_woven_headdress_dsx;base;Iron Thread Cap;Mage;loa_m_hgb;LoA;armor;;;he;;int
he_op_pl_m_bone_headdress_dsx;base;Bone Headdress;Mage;loa_m_hgb;LoA;armor;;;he;;int
he_vi_pl_m_ceramic_headband_dsx;base;Ceramic Headband;Mage;loa_m_hgb;LoA;armor;;;he;;int
he_vi_pl_m_beaded_headdress_dsx;base;Beaded Headdress;Mage;loa_m_hgb;LoA;armor;;;he;;int
he_vi_pl_m_spider_visor_dsx;base;Spidersilk Visor;Mage;loa_m_hgb;LoA;armor;;;he;;int
he_ca_pl_m_spider_dsx;base;Spidersilk Dome;Mage;loa_m_hgb;LoA;armor;;;he;;int
he_vi_pl_m_ceramic_headdress_dsx;base;Ceramic Headdress;Mage;loa_m_hgb;LoA;armor;;;he;;int
he_op_pl_m_geared_crown_dsx;base;Geared Crown;Mage;loa_m_hgb;LoA;armor;;;he;;int
he_vi_pl_m_beaded_headband2_dsx;base;Jeweled Headband;Mage;loa_m_hgb;LoA;armor;;;he;;int
he_vi_pl_m_spider_visor2_dsx;base;Magesilk Headdress;Mage;loa_m_hgb;LoA;armor;;;he;;int
he_vi_pl_m_ceramic_headdress2_dsx;base;Etched Headdress;Mage;loa_m_hgb;LoA;armor;;;he;;int
he_vi_pl_r_leaf_visor_dsx;base;Cured Leaf Visor;Ranger;loa_r_hgb;LoA;armor;;;he;;dex
he_vi_pl_r_zaurask_headdress_dsx;base;Zaurask Headdress;Ranger;loa_r_hgb;LoA;armor;;;he;;dex
he_vi_pl_r_flywing_visor_dsx;base;Flywing Visor;Ranger;loa_r_hgb;LoA;armor;;;he;;dex
he_vi_pl_r_rubber_visor_dsx;base;Fiber Visor;Ranger;loa_r_hgb;LoA;armor;;;he;;dex
he_op_pl_r_flywing_crown_dsx;base;Flywing Crown;Ranger;loa_r_hgb;LoA;armor;;;he;;dex
he_op_pl_r_zaurask_crown_dsx;base;Zaurask Crown;Ranger;loa_r_hgb;LoA;armor;;;he;;dex
he_vi_pl_r_flywing_visor2_dsx;base;Exoskeleton Visor;Ranger;loa_r_hgb;LoA;armor;;;he;;dex
he_vi_pl_r_rubber_visor2_dsx;base;Midnight Visor;Ranger;loa_r_hgb;LoA;armor;;;he;;dex
he_op_pl_r_flywing_crown2_dsx;base;Arboreal Visor;Ranger;loa_r_hgb;LoA;armor;;;he;;dex
sh_un_m_o_r_m_turtle_02_dsx;;Turtle Shield;Fighter;loa_excluded;LoA;armor;excluded;;sh;unique;str
sh_un_m_o_r_m_turtle_01_dsx;;Turtle Shield;Fighter;loa_excluded;LoA;armor;excluded;;sh;unique;str
sh_un_m_o_r_m_turtle_dsx;;Turtle Shield;Fighter;loa_excluded;LoA;armor;excluded;;sh;unique;str
sh_un_m_o_k_m_dermal_dsx;;Dermal Shield;Fighter;loa_excluded;LoA;armor;excluded;;sh;unique;str
sh_w_f_g_c_t_s_avg_deathknight_monster;;Death Knight Shield;Fighter;loa_excluded;LoA;armor;excluded;;sh;;str
sh_w_f_g_c_t_s_avg_deathknight_player;;Death Knight Shield;Fighter;loa_f_sh;LoA;armor;excluded;;sh;;str
2w_sh_w_f_g_c_t_s_avg_deathknight_player;;Super Death Knight Shield;Fighter;loa_f_sh;LoA;armor;excluded;;sh;;str
3w_sh_w_f_g_c_t_s_avg_deathknight_player;;Supreme Death Knight Shield;Fighter;loa_f_sh;LoA;armor;excluded;;sh;;str
sh_w_f_g_c_t_s_avg_hide_hassat_dsx;base;Hassat Hide Shield;Fighter;loa_f_sh;LoA;armor;;;sh;;str
sh_w_f_g_c_t_m_avg_hide_skelldra_dsx;base;Zaurask Leather Shield;Fighter;loa_f_sh;LoA;armor;;;sh;;str
sh_w_f_g_c_t_l_avg_hide_kraken_dsx;base;Kraken shield;Fighter;loa_f_sh;LoA;armor;;;sh;;str
sh_w_m_g_c_t_m_avg_bamboo_dsx;base;Bamboo Shield;Mage;loa_m_sh;LoA;armor;;;sh;;int
sh_w_m_g_c_t_m_avg_wicker_dsx;base;Wicker Shield;Mage;loa_m_sh;LoA;armor;;;sh;;int
sh_w_m_g_c_t_m_avg_gearwork_dsx;base;Gearwork Shield;Mage;loa_m_sh;LoA;armor;;;sh;;int
sh_w_m_g_c_t_m_avg_ward_blood_dsx;base;Blood Ward;Mage;loa_m_sh;LoA;armor;;;sh;;int
sh_w_m_g_c_t_m_avg_mushroom_dsx;base;Shellacked Mushroom Cap Shield;Mage;loa_m_sh;LoA;armor;;;sh;;int
sh_w_m_g_c_t_m_avg_ward_rainbow_dsx;base;Rainbow Ward;Mage;loa_m_sh;LoA;armor;;;sh;;int
sh_w_m_g_c_t_m_avg_ward_sky_dsx;base;Sky Ward;Mage;loa_m_sh;LoA;armor;;;sh;;int
sh_ra_w_g_c_t_m_fin_mirror_dsx;base;Mirror Shield;Mage;loa_m_sh;LoA;armor;;;sh;rare;int
sh_w_m_g_c_t_m_avg_tortoise_dsx;base;Tortoise Shell Shield;Mage;loa_m_sh;LoA;armor;;;sh;;int
sh_w_m_g_c_t_m_avg_ceramic_dsx;base;Ceramic Shield;Mage;loa_m_sh;LoA;armor;;;sh;;int
sh_w_m_g_c_t_m_avg_clockface_dsx;base;Clockface Shield;Mage;loa_m_sh;LoA;armor;;;sh;;int
sh_w_m_g_c_t_m_avg_spider_dsx;base;Spidersilk Shield;Mage;loa_m_sh;LoA;armor;;;sh;;int
sh_w_m_g_c_t_m_avg_ward_sun_dsx;base;Sun Ward;Mage;loa_m_sh;LoA;armor;;;sh;;int
sh_w_m_g_c_t_m_avg_ward_blood2_dsx;base;Sanguine Ward;Mage;loa_m_sh;LoA;armor;;;sh;;int
sh_w_m_g_c_t_m_avg_ward_sky2_dsx;base;Chromatic Ward;Mage;loa_m_sh;LoA;armor;;;sh;;int
sh_w_m_g_c_t_m_avg_ward_stars_dsx;base;Ward of the Stars;Mage;loa_m_sh;LoA;armor;;;sh;;int
sh_w_m_g_c_t_m_avg_ward_sun2_dsx;base;Scintillating Ward;Mage;loa_m_sh;LoA;armor;;;sh;;int
sh_w_r_g_c_t_m_avg_tangled_bucker_dsx;base;Tangled Root Buckler;Ranger;loa_r_sh;LoA;armor;;;sh;;dex
sh_w_r_g_c_t_m_avg_barrier_flywing_dsx;base;Flywing Barrier;Ranger;loa_r_sh;LoA;armor;;;sh;;dex
sh_w_r_g_c_t_m_avg_bug_dsx;base;Carapace Shield;Ranger;loa_r_sh;LoA;armor;;;sh;;dex
sh_w_r_g_c_t_m_avg_wall_bark_dsx;base;Bark Wall;Ranger;loa_r_sh;LoA;armor;;;sh;;dex
sh_w_r_g_c_t_m_avg_barrier_leaf_dsx;base;Cured Leaf Barrier;Ranger;loa_r_sh;LoA;armor;;;sh;;dex
sh_w_r_g_c_t_m_avg_wall_flywing_dsx;base;Flywing Wall;Ranger;loa_r_sh;LoA;armor;;;sh;;dex
sh_w_r_g_c_t_m_avg_bug2_dsx;base;Exoskeleton Shield;Ranger;loa_r_sh;LoA;armor;;;sh;;dex
sh_w_g_c_t_m_avg_tangled_bucker2_dsx;base;Arboreal Barrier;Ranger;loa_r_sh;LoA;armor;;;sh;;dex
sh_w_r_g_c_t_m_avg_fan_woven_dsx;base;Woven Fan;Ranger;loa_r_sh;LoA;armor;;;sh;;dex
sh_w_r_g_c_t_m_avg_fan_beaded_dsx;base;Beaded Fan;Ranger;loa_r_sh;LoA;armor;;;sh;;dex
sh_w_r_g_c_t_m_avg_fan_spider_dsx;base;Spidersilk Fan;Ranger;loa_r_sh;LoA;armor;;;sh;;dex
sh_w_r_g_c_t_m_avg_fan_feathered_dsx;base;Feathered Fan;Ranger;loa_r_sh;LoA;armor;;;sh;;dex
sh_w_r_g_c_t_m_avg_fan_beaded2_dsx;base;Jeweled Fan;Ranger;loa_r_sh;LoA;armor;;;sh;;dex
bd_br_f_g_c_avg_dsx_set_arhok;;Arhok's Leather;Fighter;loa_any_sets_sp;LoA;armor;;arhok;bd;;
sh_w_m_g_c_t_m_avg_dsx_set_arhok;;Arhok's Shield;Fighter;loa_any_sets_sp;LoA;armor;;arhok;sh;;
bd_le_m_g_c_avg_dsx_set_illicor;;Illicor's Beaded Hauberk;Mage;loa_any_sets_sp;LoA;armor;;illicor;bd;;int
bd_le_m_g_c_avg_dsx_set_kajj;;Kajj's Breastplate;Mage;loa_any_sets_sp;LoA;armor;;kajj;bd;;str
gl_gl_sc_r_g_c_avg_dsx_set_kajj;;Kajj's Gauntlets;Ranger;loa_any_sets_sp;LoA;armor;;kajj;gl;;str
he_fl_pl_m_dsx_set_kajj;;Kajj's Helm;Mage;loa_any_sets_sp;LoA;armor;;kajj;he;;str
sh_w_m_g_c_t_m_avg_ward_blood_dsx_set_inventor;;Solov's Ward;Mage;loa_any_sets_sp;LoA;armor;;patents;sh;;int
ring_dsx_set_clockwork;;Clockwork Boots;Ranger;loa_any_sets_sp;LoA;armor;;clockwork;;;dex
bd_le_m_g_c_avg_ceramic_dsx_set_chadek;;Chadek's Suit;Mage;loa_any_sets_mp;LoA;armor;;chadek;bd;;
bo_bo_sc_m_g_c_avg_ceramic_dsx_set_chadek;;Chadek's Boots;Mage;loa_any_sets_mp;LoA;armor;;chadek;bo;;
sh_w_m_g_c_t_m_avg_ceramic_dsx_set_chadek;;Chadek's Shield;Fighter;loa_any_sets_mp;LoA;armor;;chadek;sh;;
he_vi_pl_m_ceramic_headdress_dsx_set_chadek;;Chadek's Headdress;Mage;loa_any_sets_mp;LoA;armor;;chadek;he;;
bd_le_f_g_c_avg_hvmech_dsx_set_kaltenbach;;Kaltenbach's Full Mech Suit;Fighter;loa_any_sets_mp;LoA;armor;;kaltenbach;bd;;str
sh_w_f_g_c_t_m_avg_clockface_dsx_set_kaltenbach;;Kaltenbach's Shield;Fighter;loa_any_sets_mp;LoA;armor;;kaltenbach;sh;;str
gl_ga_sc_f_g_c_avg_geared_dsx_set_kaltenbach;;Kaltenbach's Gauntlets;Fighter;loa_any_sets_mp;LoA;armor;;kaltenbach;gl;;str
he_ca_pl_f_alloy_dsx_set_rune;;Rune Dome;Fighter;loa_any_sets_mp;LoA;armor;;rune;he;;str
sh_w_f_g_c_t_m_avg_gearwork_dsx_set_rune;;Rune Shield;Fighter;loa_any_sets_mp;LoA;armor;;rune;sh;;str
bd_pl_f_g_c_avg_alloy_dsx_set_rune;;Rune Armor;Fighter;loa_any_sets_mp;LoA;armor;;rune;bd;;str
bd_le_m_g_c_avg_spider_framed_dsx_set_adela;;Adela's Spidersilk Hauberk;Mage;loa_any_sets_mp;LoA;armor;;adela;bd;;int
bd_pl_r_g_c_avg_flywing_dsx_set_jeffron;;Jeffron's Plate;Ranger;loa_any_sets_mp;LoA;armor;;jeffron;bd;;str
he_op_pl_r_flywing_crown_dsx_set_jeffron;;Jeffron's Crown;Ranger;loa_any_sets_mp;LoA;armor;;jeffron;he;;str
sh_w_r_g_c_t_m_avg_wall_flywing_dsx_set_jeffrom;;Jeffron's Wall;Fighter;loa_any_sets_mp;LoA;armor;;jeffron;sh;;str
gl_ga_sc_r_g_c_avg_flywing_dsx_set_jeffron;;Jeffron's Gauntlets;Ranger;loa_any_sets_mp;LoA;armor;;jeffron;gl;;str
bo_bo_sc_r_g_c_avg_flywing_dsx_set_jeffron;;Jeffron's Boots;Ranger;loa_any_sets_mp;LoA;armor;;jeffron;bo;;str
bd_br_r_g_c_avg_hvrubber_dsx_set_utraean_archer;;Utraean Archer's Suit;Ranger;loa_any_sets_mp;LoA;armor;;utraean_archer;bd;;multi
he_vi_pl_r_rubber_visor_dsx_set_utraean_archer;;Utraean Archer's Cap;Ranger;loa_any_sets_mp;LoA;armor;;utraean_archer;he;;multi
bo_bo_sc_r_g_c_avg_rubber_dsx_set_utraean_archer;;Utraean Archer's Boots;Ranger;loa_any_sets_mp;LoA;armor;;utraean_archer;bo;;multi
he_op_pl_f_bone_crown_dsx_set_zaurask;;Helm of the Zaurask Champion;Fighter;loa_any_sets_mp;LoA;armor;;zaurask;he;;str
bd_le_m_g_c_avg_crmech_dsx_set_xulphae;;Xulphae's Plate;Mage;loa_any_sets_mp;LoA;armor;;xulphae;bd;;int
bd_br_m_g_c_avg_chitter_dsx_set_kmethekt;;Kmethekt's Armor;Mage;loa_any_sets_mp;LoA;armor;;kmethekts;bd;;int
bo_bo_sc_f_g_c_avg_alloy_dsx_set_utraean_guard;;Utraean Guard's Boots;Fighter;loa_any_sets_mp;LoA;armor;;utraean_guard;bo;;str
sh_w_f_g_c_t_l_avg_dsx_set_utraean_guard;;Utraean Guard's Shield;Fighter;loa_any_sets_mp;LoA;armor;;utraean_guard;sh;;str
bd_pl_f_g_c_avg_utraean_dsx_set_utraean_guard;;Utraean Guard's Plate;Fighter;loa_any_sets_mp;LoA;armor;;utraean_guard;bd;;str
sh_w_r_g_c_t_m_avg_fan_beaded_dsx_set_hassat;;Ancient Hassat Fan;Fighter;loa_any_sets_mp;LoA;armor;;hassat;sh;;multi
bo_sh_sc_r_g_c_avg_bug_dsx_set_jerkal;;Jerkal's Boots;Ranger;loa_any_sets_mp;LoA;armor;;jerkal;bo;;multi
he_vi_pl_r_leaf_visor_dsx_set_jerkal;;Jerkal's Visor;Ranger;loa_any_sets_mp;LoA;armor;;jerkal;he;;multi
gl_gl_sc_r_g_c_avg_shell_dsx_set_jerkal;;Jerkal's Gloves;Ranger;loa_any_sets_mp;LoA;armor;;jerkal;gl;;multi
he_threestorms;;Helm of the Storms, the Three Storms;;v_any;;armor;excluded;;he;;
bw_g_c_s_s_r_avg_dsx_set_arhok;;Arhok's Short Bow;Ranger;loa_any_sets_sp;LoA;weapon;;arhok;bw;;
sd_g_c_sd_1h_avg_dsx_set_arhok;;Arhok's Long Sword;Fighter;loa_any_sets_sp;LoA;weapon;;arhok;sd;;str
st_g_c_dsx_set_illicor;;Illicor's Staff;Mage;loa_any_sets_sp;LoA;weapon;;illicor;st;;int
dg_g_c_dsx_set_kajj;;Claws of Kajj;Fighter;loa_any_sets_sp;LoA;weapon;;kajj;dg;;str
bw_g_c_dsx_fir_avg_dsx_set_inventor;;Solov's Bow;Mage;loa_any_sets_sp;LoA;weapon;;patents;bw;;int
cw_dsx_set_clockwork;;Clockwork Crossbow;Ranger;loa_any_sets_sp;LoA;weapon;;clockwork;cw;;dex
st_dsx_set_clockwork;;Clockwork Staff;Ranger;loa_any_sets_sp;LoA;weapon;;clockwork;st;;dex
bw_g_c_dsx_spd_avg_dsx_set_guiseppi;;Guiseppi's Bow;Ranger;loa_any_sets_mp;LoA;weapon;;guiseppi;bw;;
sd_g_c_dsx_clk_1h_avg_dsx_set_kaltenbach;;Kaltenbach's Sword;Fighter;loa_any_sets_mp;LoA;weapon;;kaltenbach;sd;;str
sd_g_c_dsx_ser_1h_avg_dsx_set_rune;;Rune Sword;Fighter;loa_any_sets_mp;LoA;weapon;;rune;sd;;str
st_g_c_dsx_hst_avg_dsx_set_adela;;Adela's Staff;Mage;loa_any_sets_mp;LoA;weapon;;adela;st;;int
sd_g_c_dsx_skl_1h_mag_dsx_set_cicatrix;;Scythe of Cicatrix;Mage;loa_any_sets_mp;LoA;weapon;;cicatrix;sd;;int
cb_g_c_dsx_rbr_avg_dsx_set_utraean_archer;;Utraean Archer's Club;Fighter;loa_any_sets_mp;LoA;weapon;;utraean_archer;cb;;multi
bw_g_c_dsx_qll_avg_dsx_set_utraean_archer;;Utraean Archer's Bow;Ranger;loa_any_sets_mp;LoA;weapon;;utraean_archer;bw;;multi
ax_g_c_dsx_bon_avg_dsx_set_zaurask;;Axe of the Zaurask Champion;Fighter;loa_any_sets_mp;LoA;weapon;;zaurask;ax;;str
cw_g_c_dsx_bon_avg_dsx_set_zaurask;;Crossbow of the Zaurask Champion;Ranger;loa_any_sets_mp;LoA;weapon;;zaurask;cw;;str
st_g_c_dsx_hst_avg_dsx_set_xulphae;;Xulphae's Staff;Mage;loa_any_sets_mp;LoA;weapon;;xulphae;st;;int
st_g_c_dsx_hst_avg_dsx_set_kmethekt;;Kmethekt's Staff;Mage;loa_any_sets_mp;LoA;weapon;;kmethekts;st;;int
sd_g_c_dsx_kat_1h_avg_dsx_set_utraean_guard;;Utraean Guard's Sword;Fighter;loa_any_sets_mp;LoA;weapon;;utraean_guard;sd;;str
bw_g_c_dsx_hst_avg_dsx_set_utraean_guard;;Utraean Guard's Bow;Ranger;loa_any_sets_mp;LoA;weapon;;utraean_guard;bw;;multi
dg_g_c_dsx_hassat_avg_dsx_set_hassat;;Ancient Hassat Dagger;Fighter;loa_any_sets_mp;LoA;weapon;;hassat;dg;;multi
bw_g_c_dsx_jwl_avg_dsx_set_hassat;;Ancient Hassat Bow;Ranger;loa_any_sets_mp;LoA;weapon;;hassat;bw;;multi
ax_g_c_dsx_chp_avg_najj;base;Najj's Clamshell Axe;Fighter;loa_f_1h_s;LoA;weapon;excluded;;ax;;str
ax_d_c_1h1b_avg_dsx;;Death Knight Hack;Fighter;loa_f_1h_s;LoA;weapon;excluded;;ax;;str
ax_g_c_1h2b_low_dsx;;Worn Full Axe;Fighter;loa_f_1h_s;LoA;weapon;excluded;;ax;;str
ax_g_c_dsx_chp_avg;base;Clamshell Axe;Fighter;loa_f_1h_n;LoA;weapon;;;ax;;str
ax_g_c_dsx_clv_avg;base;Cleaver;Fighter;loa_f_1h_n;LoA;weapon;;;ax;;str
ax_g_c_dsx_slt_avg;base;Slate Chip;Fighter;loa_f_1h_n;LoA;weapon;;;ax;;str
ax_g_c_dsx_moo_avg;base;Moonhead Axe;Fighter;loa_f_1h_n;LoA;weapon;;;ax;;str
ax_g_c_dsx_bon_avg;base;Bonegrip Chopper;Fighter;loa_f_1h_n;LoA;weapon;;;ax;;str
bw_dsx_reynards_gift;;Reynard's Gift;Ranger;loa_excluded;LoA;weapon;excluded;;bw;;dex
bw_dsx_cicatrix_skeleton;;cicatrix skeleton bow;Ranger;loa_r_bw;LoA;weapon;excluded;;bw;;
dsx_rock_goblin;;Rock;Ranger;loa_excluded;LoA;weapon;excluded;;;;
bw_dsx_shadjump_2_avg;;Fire Bow;Ranger;loa_excluded;LoA;weapon;excluded;;bw;;multi
bw_dsx_shadjump_4_avg;;SJ 4 Fire Bow;Ranger;loa_excluded;LoA;weapon;excluded;;bw;;multi
bw_dsx_zau_2_d;;Zaurask Long Bow;Ranger;loa_r_bw;LoA;weapon;excluded;;bw;;multi
bw_dsx_zau_2_c;;Zaurask Long Bow;Ranger;loa_r_bw;LoA;weapon;excluded;;bw;;multi
bw_un_droog_avg_dsx;;Droog Archer Bow;Ranger;loa_r_bw;LoA;weapon;excluded;;bw;unique;multi
bw_dsx_hassat_01;;Hassat Bow;Ranger;loa_r_bw;LoA;weapon;excluded;;bw;;multi
bw_dsx_hassat_02;;Hassat Bow;Ranger;loa_r_bw;LoA;weapon;excluded;;bw;;multi
bw_dsx_hassat_03;;Hassat Bow;Ranger;loa_r_bw;LoA;weapon;excluded;;bw;;dex
bw_dsx_zaurask_2_b;;Zaurask Long Bow;Ranger;loa_r_bw;LoA;weapon;excluded;;bw;;multi
bw_dsx_zau_2_b;;Zaurask Long Bow;Ranger;loa_r_bw;LoA;weapon;excluded;;bw;;multi
bw_g_c_s_s_r_avg_dsx;;Skeleton's Short Recurve;Ranger;loa_r_bw;LoA;weapon;excluded;;bw;;
bw_dsx_zau_2;;Zaurask Long Bow;Ranger;loa_r_bw;LoA;weapon;excluded;;bw;;multi
bw_dsx_zau_2_a;;Zaurask Long Bow;Ranger;loa_r_bw;LoA;weapon;excluded;;bw;;multi
bw_dsx_rune_caster;;Rune Caster Bow;Ranger;loa_r_bw;LoA;weapon;excluded;;bw;;multi
bw_dsx_hassat;;Hassat Bow;Ranger;loa_r_bw;LoA;weapon;excluded;;bw;;multi
bw_g_c_dsx_nat_avg;base;Beaded Bow;Ranger;loa_r_bw;LoA;weapon;;;bw;;multi
bw_g_c_dsx_cry_avg;base;Crystal Bow;Ranger;loa_r_bw;LoA;weapon;;;bw;;multi
bw_g_c_dsx_fir_avg;base;Fire Bow;Ranger;loa_r_bw;LoA;weapon;;;bw;;multi
bw_g_c_dsx_hst_avg;base;Hassat Bow;Ranger;loa_r_bw;LoA;weapon;;;bw;;multi
bw_g_c_dsx_jwl_avg;base;Jeweled Bow;Ranger;loa_r_bw;LoA;weapon;;;bw;;multi
bw_g_c_dsx_ltn_avg;base;Thunderwood Bow;Ranger;loa_r_bw;LoA;weapon;;;bw;;multi
bw_g_c_dsx_qll_avg;base;Quill bow;Ranger;loa_r_bw;LoA;weapon;;;bw;;multi
bw_g_c_dsx_shd_avg;base;Shadow Bow;Ranger;loa_r_bw;LoA;weapon;;;bw;;multi
bw_g_c_dsx_spd_avg;base;Spidersilk Bow;Ranger;loa_r_bw;LoA;weapon;;;bw;;multi
cb_un_1h_troll_dsx_scrub;;Troll Club;Fighter;loa_f_1h_s;LoA;weapon;excluded;;cb;unique;str
cb_un_2h_troll_dsx_forest;;Tree Club;Fighter;loa_f_1h_s;LoA;weapon;excluded;;cb;unique;str
cb_un_dsx_2h_troll;;Troll Club;Fighter;loa_f_1h_s;LoA;weapon;excluded;;cb;unique;str
cb_g_c_dsx_cry_avg;base;Crystal Club;Fighter;loa_f_1h_n;LoA;weapon;;;cb;;str
cb_g_c_dsx_ltn_avg;base;Crackled Club;Fighter;loa_f_1h_n;LoA;weapon;;;cb;;str
cb_g_c_dsx_tet_avg;base;Knobbed Club;Fighter;loa_f_1h_n;LoA;weapon;;;cb;;str
cb_g_c_dsx_rbr_avg;base;Rubber Club;Fighter;loa_f_1h_n;LoA;weapon;;;cb;;str
cb_g_c_dsx_crm_avg;base;Ceramic Club;Fighter;loa_f_1h_n;LoA;weapon;;;cb;;str
dg_g_c_dsx_kaj_mag;;Claws of Kajj;Fighter;loa_excluded;LoA;weapon;excluded;;dg;;
dg_g_c_dsx_sjumper_three;;Claws of Kajj;Fighter;loa_excluded;LoA;weapon;excluded;;dg;;
dg_g_c_dsx_sjumper_five;;SJ Minion 5 Weapon;Fighter;loa_excluded;LoA;weapon;excluded;;dg;;
dg_g_c_dsx_clw_avg;base;Claws;Fighter;loa_f_1h_n;LoA;weapon;;;dg;;str
dg_g_c_dsx_sai_avg;base;Sai;Fighter;loa_f_1h_n;LoA;weapon;;;dg;;str
dg_g_c_dsx_hassat_avg;base;Hassat Gouger;Fighter;loa_f_1h_n;LoA;weapon;;;dg;;str
dg_g_c_dsx_sb_avg;base;Barong;Fighter;loa_f_1h_n;LoA;weapon;;;dg;;str
dg_g_c_dsx_crys_avg;base;Crystal Shard;Fighter;loa_f_1h_n;LoA;weapon;;;dg;;str
dg_g_c_dsx_zst_avg;base;Zaurask Stiletto;Fighter;loa_f_1h_n;LoA;weapon;;;dg;;str
hm_g_c_dsx_goblin_blackguard;;Goblin Clockwork Hammer;Fighter;loa_f_1h_s;LoA;weapon;excluded;;hm;;str
hm_g_c_dsx_warmlt_avg;base;Large War Mallet;Fighter;loa_f_2h;LoA;weapon;excluded;;hm;;str
ax_d_d_dsx_goblin_mutant;;Goblin Cutter;Fighter;loa_f_2h;LoA;weapon;excluded;;ax;;str
hm_g_c_dsx_clk_avg;base;Clockwork Hammer;Fighter;loa_f_1h_n;LoA;weapon;;;hm;;str
hm_g_c_dsx_mlt_avg;base;Large Wooden Mallet;Fighter;loa_f_1h_n;LoA;weapon;;;hm;;str
hm_g_c_dsx_cry_avg;base;Crystal Hammer;Fighter;loa_f_1h_n;LoA;weapon;;;hm;;str
mc_dsx_cicatrix_skeleton;;cicatrix skeleton mace;Fighter;loa_excluded;LoA;weapon;excluded;;mc;;
mc_g_c_dsx_smr_avg;base;Open Mace;Fighter;loa_f_1h_n;LoA;weapon;;;mc;;str
mc_g_c_dsx_zau_avg;base;Zaurask Mace;Fighter;loa_f_1h_n;LoA;weapon;;;mc;;str
mc_g_c_dsx_tub_avg;base;Clockwork Mace;Fighter;loa_f_1h_n;LoA;weapon;;;mc;;str
mc_g_c_dsx_flm_avg;base;Twisted Mace;Fighter;loa_f_1h_n;LoA;weapon;;;mc;;str
st_g_c_dsx_mn_avg;base;Hassat Moon;Fighter;loa_f_2h;LoA;weapon;;;st;;str
st_g_c_dsx_smn_avg;base;Shadow Moon;Fighter;loa_f_2h;LoA;weapon;;;st;;str
ax_g_c_dsx_ptr_avg;base;Hassat Trident;Fighter;loa_f_2h;LoA;weapon;;;ax;;str
ax_g_c_dsx_psc_avg;base;Hassat Scimitar;Fighter;loa_f_2h;LoA;weapon;;;ax;;str
ax_g_c_dsx_pfk_avg;base;Hassat Fork;Fighter;loa_f_2h;LoA;weapon;;;ax;;str
ax_g_c_dsx_png_avg;base;Naginata;Fighter;loa_f_2h;LoA;weapon;;;ax;;str
ax_g_c_dsx_pzc_avg;base;Zaurask-Catcher;Fighter;loa_f_2h;LoA;weapon;;;ax;;str
ax_g_c_dsx_pbd_avg;base;Bardiche;Fighter;loa_f_2h;LoA;weapon;;;ax;;str
ax_g_c_dsx_pcl_avg;base;Hassat Cleaver;Fighter;loa_f_2h;LoA;weapon;;;ax;;str
dsx_minigun_dragon;;Dragon Minigun;Ranger;loa_r_cm;LoA;weapon;excluded;;minigun;;multi
dsx_minigun_flamethrower;;Mini-Flamethrower;Ranger;loa_r_cm;LoA;weapon;excluded;;minigun;;multi
dsx_minigun_flamethrower2;;Flameblaster;Ranger;loa_r_cm;LoA;weapon;excluded;;minigun;;multi
dsx_minigun_grenade_launcher;;Mini-Grenade Launcher;Ranger;loa_r_cm;LoA;weapon;excluded;;minigun;;str
dsx_gobbot_grenade_launcher;;Grenade Launcher;Ranger;loa_r_cm;LoA;weapon;excluded;;minigun;;str
dsx_minigun_lightning;;Lightning Gun;Ranger;loa_r_cm;LoA;weapon;excluded;;minigun;;multi
minigun_napalm;;Napalm Gun;Ranger;loa_r_cm;LoA;weapon;excluded;;minigun;;multi
minigun_gas;;Gas Gun;Ranger;loa_r_cm;LoA;weapon;excluded;;minigun;;multi
dsx_minigun_gas_monster;;Goblin's Gas Gun;Ranger;loa_excluded;LoA;weapon;excluded;;minigun;;multi
minigun_magic_missles;base;Crossbow of many, many magic missiles;Ranger;loa_excluded;LoA;weapon;excluded;;minigun;;multi
cw_g_c_dsx_bon_avg;base;Bone Crossbow;Ranger;loa_r_cm;LoA;weapon;;;cw;;multi
cw_g_c_dsx_clk_avg;base;Clockwork Crossbow;Ranger;loa_r_cm;LoA;weapon;;;cw;;multi
st_g_c_bl_1h_fun_nossirom_dsx;;Nosirrom's Staff;Fighter;loa_f_2h;LoA;weapon;excluded;;st;;str
st_un_toreck_dsx;;Sickle Staff;Fighter;loa_f_2h;LoA;weapon;excluded;;st;unique;str
st_un_dsx_angk_guardian;;Scythe of Angk;Mage;loa_excluded;LoA;weapon;excluded;;st;unique;
st_un_dsx_angk;;Scythe of Angk;Fighter;loa_f_2h;LoA;weapon;excluded;;st;unique;str
2w_st_un_dsx_angk;;Super Scythe of Angk;Fighter;loa_f_2h;LoA;weapon;excluded;;st;unique;str
3w_st_un_dsx_angk;;Supreme Scythe of Angk;Fighter;loa_f_2h;LoA;weapon;excluded;;st;unique;str
st_g_c_dsx_stars;base;Staff of Stars;Mage;loa_excluded;LoA;weapon;excluded;;st;;
2w_st_g_c_dsx_stars;base;Super Staff of Stars;Mage;loa_excluded;LoA;weapon;excluded;;st;;
3w_st_g_c_dsx_stars;base;Supreme Staff of Stars;Mage;loa_excluded;LoA;weapon;excluded;;st;;
st_un_seck_mage_dsx;;Necron Death Staff;Fighter;loa_f_2h;LoA;weapon;excluded;;st;unique;str
st_g_c_dsx_cry_avg;base;Crystal Staff;Mage;loa_m_st;LoA;weapon;;;st;;int
st_g_c_dsx_jad_avg;base;Jade Staff;Mage;loa_m_st;LoA;weapon;;;st;;int
st_g_c_dsx_ltn_avg;base;Utraean Gemstaff;Mage;loa_m_st;LoA;weapon;;;st;;int
st_g_c_dsx_hst_avg;base;Hassat Staff;Mage;loa_m_st;LoA;weapon;;;st;;int
st_g_c_dsx_bar_avg;base;Clockwork Rod;Mage;loa_m_st;LoA;weapon;;;st;;int
st_g_c_dsx_pcane;base;Cane;Mage;loa_excluded;LoA;weapon;excluded;;st;;int
sd_g_c_dsx_kat_1h_shadowjumper_NIS_ONLY;base;Shadowjumper's Lightning BLade;Fighter;loa_excluded;LoA;weapon;excluded;;sd;;str
sd_g_c_dsx_kat_1h_shadowjumper;;;Fighter;loa_excluded;LoA;weapon;excluded;;sd;;
ss_g_c_bl_1h_fun_zaur_dsx;;Tempered Blade;Fighter;loa_f_1h_s;LoA;weapon;excluded;;ss;;str
ss_g_c_bl_1h_fun_noss_dsx;;Nosirrom's Blade;Fighter;loa_f_1h_s;LoA;weapon;excluded;;ss;;str
ss_g_c_bl_1h_fun_04_dsx;;Dull Blade;Fighter;loa_f_1h_s;LoA;weapon;excluded;;ss;;str
ss_g_c_bl_1h_fun_05_dsx;;Dull Blade;Fighter;loa_f_1h_s;LoA;weapon;excluded;;ss;;str
ss_g_c_bl_1h_fun_03_dsx;;Dull Blade;Fighter;loa_f_1h_s;LoA;weapon;excluded;;ss;;str
ss_g_c_bl_1h_fun_01_dsx;;Tempered Blade;Fighter;loa_f_1h_s;LoA;weapon;excluded;;ss;;str
ss_g_c_bl_1h_fun_02_dsx;;Tempered Blade;Fighter;loa_f_1h_s;LoA;weapon;excluded;;ss;;str
ss_g_c_bl_1h_fun_dsx;;Zaurask Dull Blade;Fighter;loa_f_1h_s;LoA;weapon;excluded;;ss;;str
sd_g_c_sd_1h_avg_dsx;;Skeleton's Long Sword;Fighter;loa_f_1h_s;LoA;weapon;excluded;;sd;;str
sd_d_c_dsx_skl_1h_mag;;Death Knight Sickle Sword;Fighter;loa_excluded;LoA;weapon;excluded;;sd;;
sd_d_c_dsx_skl_1h_mag_player;;Death Knight Sickle Sword;Fighter;loa_f_1h_s;LoA;weapon;excluded;;sd;;str
2w_sd_d_c_dsx_skl_1h_mag_player;;Super Death Knight Sickle Sword;Fighter;loa_f_1h_s;LoA;weapon;excluded;;sd;;str
3w_sd_d_c_dsx_skl_1h_mag_player;;Supreme Death Knight Sickle Sword;Fighter;loa_f_1h_s;LoA;weapon;excluded;;sd;;str
sd_g_c_dsx_goblin_guard;;Goblin Sword;Fighter;loa_f_1h_s;LoA;weapon;excluded;;sd;;str
sd_g_c_dsx_chr_1h_avg;base;Black Steel;Fighter;loa_f_1h_n;LoA;weapon;;;sd;;str
sd_g_c_dsx_clk_1h_avg;base;Clockwork Sword;Fighter;loa_f_1h_n;LoA;weapon;;;sd;;str
sd_g_c_dsx_kat_1h_avg;base;Katana;Fighter;loa_f_1h_n;LoA;weapon;;;sd;;str
sd_g_c_dsx_zkt_1h_avg;base;Zaurask Katana;Fighter;loa_f_1h_n;LoA;weapon;;;sd;;str
sd_g_c_dsx_ser_1h_avg;base;Serrated sword;Fighter;loa_f_1h_n;LoA;weapon;;;sd;;str
sd_g_c_dsx_slc_2h_avg;base;Zaurask Slicer;Fighter;loa_f_1h_n;LoA;weapon;;;sd;;str
sd_g_c_dsx_snk_1h_avg;base;Zaurask Snakebite;Fighter;loa_f_1h_n;LoA;weapon;;;sd;;str
ax_carnage;base;Axe of Kill Kill Carnage;Fighter;v_f_ax2h_n;;weapon;;;ax;;str
ax_d_c_1h1b_avg;base;Hack;Fighter;v_f_ax_n;;weapon;;;ax;;str
ax_d_c_2h1b_avg;base;Tofk Axe;Fighter;v_f_ax2h_n;;weapon;;;ax;;str
ax_d_c_2h2b_avg;base;Cleft Axe;Fighter;v_f_ax2h_n;;weapon;;;ax;;str
ax_d_d_1h1b_avg;;Chuck;Fighter;v_f_ax_n;;weapon;;;ax;;
ax_d_d_2h1b_avg;base;Cutter;Fighter;v_f_ax2h_n;;weapon;;;ax;;str
ax_d_d_2h2b_avg;base;Drive Axe;Fighter;v_f_ax2h_n;;weapon;;;ax;;str
ax_d_o_1h1b_avg;base;Splitter;Fighter;v_f_ax_n;;weapon;;;ax;;
ax_d_o_2h1b_avg;base;Heft Axe;Fighter;v_f_ax2h_n;;weapon;;;ax;;
ax_d_o_2h2b_avg;base;Swing Axe;Fighter;v_f_ax2h_n;;weapon;;;ax;;str
ax_g_c_1h1b_avg;base;Wedge Axe;Fighter;v_f_ax_n;;weapon;;;ax;;str
ax_g_c_1h1b_avg;c_fin;Wedge Axe;Fighter;v_f_ax_n;;weapon;;;ax;;str
ax_g_c_1h1b_avg;c_mag;Wedge Axe;Fighter;v_f_ax_n;;weapon;;;ax;;str
ax_g_c_1h1b_avg;c_str;Wedge Axe;Fighter;v_f_ax_n;;weapon;;;ax;;str
ax_g_c_1h1b_avg;o_avg;Wedge Axe;Fighter;v_f_ax_n;;weapon;;;ax;;str
ax_g_c_1h1b_avg;o_fin;Wedge Axe;Fighter;v_f_ax_n;;weapon;;;ax;;str
ax_g_c_1h1b_avg;o_mag;Wedge Axe;Fighter;v_f_ax_n;;weapon;;;ax;;str
ax_g_c_1h1b_avg;o_str;Wedge Axe;Fighter;v_f_ax_n;;weapon;;;ax;;str
ax_g_c_1h1b_fun;;Dull Wedge Axe;Fighter;v_f_ax_n;;weapon;;;ax;;str
ax_g_c_1h1b_low;;Rusted Wedge Axe;Fighter;v_f_ax_n;;weapon;;;ax;;
ax_g_c_1h2b_avg;base;Full Axe;Fighter;v_f_ax_n;;weapon;;;ax;;str
ax_g_c_1h2b_avg;c_fin;Full Axe;Fighter;v_f_ax_n;;weapon;;;ax;;str
ax_g_c_1h2b_avg;c_mag;Full Axe;Fighter;v_f_ax_n;;weapon;;;ax;;str
ax_g_c_1h2b_avg;c_str;Full Axe;Fighter;v_f_ax_n;;weapon;;;ax;;str
ax_g_c_1h2b_avg;o_avg;Full Axe;Fighter;v_f_ax_n;;weapon;;;ax;;str
ax_g_c_1h2b_avg;o_fin;Full Axe;Fighter;v_f_ax_n;;weapon;;;ax;;str
ax_g_c_1h2b_avg;o_mag;Full Axe;Fighter;v_f_ax_n;;weapon;;;ax;;str
ax_g_c_1h2b_avg;o_str;Full Axe;Fighter;v_f_ax_n;;weapon;;;ax;;str
ax_g_c_1h2b_fun;;Blunt Full Axe;Fighter;v_f_ax_n;;weapon;;;ax;;str
ax_g_c_1h2b_low;;Worn Full Axe;Fighter;v_f_ax_n;;weapon;;;ax;;str
ax_g_c_2h1b_avg;base;Field Axe;Fighter;v_f_ax2h_n;;weapon;;;ax;;str
ax_g_c_2h1b_avg;c_fin;Field Axe;Fighter;v_f_ax2h_n;;weapon;;;ax;;str
ax_g_c_2h1b_avg;c_mag;Field Axe;Fighter;v_f_ax2h_n;;weapon;;;ax;;str
ax_g_c_2h1b_avg;c_str;Field Axe;Fighter;v_f_ax2h_n;;weapon;;;ax;;str
ax_g_c_2h1b_avg;o_avg;Field Axe;Fighter;v_f_ax2h_n;;weapon;;;ax;;str
ax_g_c_2h1b_avg;o_fin;Field Axe;Fighter;v_f_ax2h_n;;weapon;;;ax;;str
ax_g_c_2h1b_avg;o_mag;Field Axe;Fighter;v_f_ax2h_n;;weapon;;;ax;;str
ax_g_c_2h1b_avg;o_str;Field Axe;Fighter;v_f_ax2h_n;;weapon;;;ax;;str
ax_g_c_2h1b_fun;;Blunt Field Axe;Fighter;v_f_ax2h_n;;weapon;;;ax;;str
ax_g_c_2h1b_low;;Worn Field Axe;Fighter;v_f_ax2h_n;;weapon;;;ax;;str
ax_g_c_2h2b_avg;base;Assault Axe;Fighter;v_f_ax2h_n;;weapon;;;ax;;str
ax_g_c_2h2b_avg;c_fin;Assault Axe;Fighter;v_f_ax2h_n;;weapon;;;ax;;str
ax_g_c_2h2b_avg;c_mag;Assault Axe;Fighter;v_f_ax2h_n;;weapon;;;ax;;str
ax_g_c_2h2b_avg;c_str;Assault Axe;Fighter;v_f_ax2h_n;;weapon;;;ax;;str
ax_g_c_2h2b_avg;o_avg;Assault Axe;Fighter;v_f_ax2h_n;;weapon;;;ax;;str
ax_g_c_2h2b_avg;o_fin;Assault Axe;Fighter;v_f_ax2h_n;;weapon;;;ax;;str
ax_g_c_2h2b_avg;o_mag;Assault Axe;Fighter;v_f_ax2h_n;;weapon;;;ax;;str
ax_g_c_2h2b_avg;o_str;Assault Axe;Fighter;v_f_ax2h_n;;weapon;;;ax;;str
ax_g_c_2h2b_fun;;Blunt Assault Axe;Fighter;v_f_ax2h_n;;weapon;;;ax;;str
ax_g_c_2h2b_low;;Rusted Assault Axe;Fighter;v_f_ax2h_n;;weapon;;;ax;;str
ax_g_d_1h1b_avg;;Hatchet;Fighter;v_f_ax_n;;weapon;;;ax;;
ax_g_d_2h1b_avg;;Timber Axe;Fighter;v_f_ax2h_n;;weapon;;;ax;;
ax_g_d_2h2b_avg;;Forest Axe;Fighter;v_f_ax2h_n;;weapon;;;ax;;
ax_g_o_1h1b_fun;;Grimy Wedge Axe;Fighter;v_f_ax_n;;weapon;;;ax;;str
ax_g_o_1h1b_low;;Ordus' Axe;Fighter;v_f_ax_s;;weapon;excluded;;ax;;str
ax_g_o_1h2b_fun;;Dull Full Axe;Fighter;v_f_ax_n;;weapon;;;ax;;str
ax_g_o_1h2b_low;;Nicked Full Axe;Fighter;v_f_ax_n;;weapon;;;ax;;str
ax_g_o_2h1b_fun;;Marred Field Axe;Fighter;v_f_ax2h_n;;weapon;;;ax;;str
ax_g_o_2h1b_low;;Dull Field Axe;Fighter;v_f_ax2h_n;;weapon;;;ax;;str
ax_g_o_2h2b_fun;;Warped Assault Axe;Fighter;v_f_ax2h_n;;weapon;;;ax;;str
ax_g_o_2h2b_low;;Battered Assault Axe;Fighter;v_f_ax2h_n;;weapon;;;ax;;str
ax_ra_g_c_1h1b_fin;base;Pain Bringer;Fighter;v_f_ax_s;;weapon;;;ax;rare;str
ax_ra_g_c_1h1b_fin;o_fin;Pain Bringer;Fighter;v_f_ax_s;;weapon;;;ax;rare;str
ax_ra_g_c_1h1b_fin;o_mag;Pain Bringer;Fighter;v_f_ax_s;;weapon;;;ax;rare;str
ax_ra_g_c_1h1b_fin;o_str;Pain Bringer;Fighter;v_f_ax_s;;weapon;;;ax;rare;str
ax_ra_g_c_1h2b_fin;base;Gore Axe;Fighter;v_f_ax_s;;weapon;;;ax;rare;str
ax_ra_g_c_1h2b_fin;c_mag;Gore Axe;Fighter;v_f_ax_s;;weapon;;;ax;rare;str
ax_ra_g_c_1h2b_fin;c_str;Gore Axe;Fighter;v_f_ax_s;;weapon;;;ax;rare;str
ax_ra_g_c_1h2b_fin;o_fin;Gore Axe;Fighter;v_f_ax_s;;weapon;;;ax;rare;str
ax_ra_g_c_1h2b_fin;o_str;Gore Axe;Fighter;v_f_ax_s;;weapon;;;ax;rare;str
ax_ra_g_c_2h1b_fin;base;Gut Masher;Fighter;v_f_ax2h_s;;weapon;;;ax;rare;str
ax_ra_g_c_2h1b_fin;c_mag;Gut Masher;Fighter;v_f_ax2h_s;;weapon;;;ax;rare;str
ax_ra_g_c_2h1b_fin;o_fin;Gut Masher;Fighter;v_f_ax2h_s;;weapon;;;ax;rare;str
ax_ra_g_c_2h1b_fin;o_str;Gut Masher;Fighter;v_f_ax2h_s;;weapon;;;ax;rare;str
ax_ra_g_c_2h2b_fin;base;Flesh Splitter;Fighter;v_f_ax2h_s;;weapon;;;ax;rare;str
ax_ra_g_c_2h2b_fin;c_mag;Flesh Splitter;Fighter;v_f_ax2h_s;;weapon;;;ax;rare;str
ax_ra_g_c_2h2b_fin;c_str;Flesh Splitter;Fighter;v_f_ax2h_s;;weapon;;;ax;rare;str
ax_ra_g_c_2h2b_fin;o_avg;Flesh Splitter;Fighter;v_f_ax2h_s;;weapon;;;ax;rare;str
ax_ra_g_c_2h2b_fin;o_fin;Flesh Splitter;Fighter;v_f_ax2h_s;;weapon;;;ax;rare;str
ax_ra_g_c_2h2b_fin;o_str;Flesh Splitter;Fighter;v_f_ax2h_s;;weapon;;;ax;rare;str
ax_un_2h1b_darkblood;;Bone Axe;Fighter;v_f_ax2h_s;;weapon;excluded;;ax;unique;str
ax_un_g_c_1h1b_str;base;Strike Axe;Fighter;v_f_ax_s;;weapon;;;ax;unique;str
ax_un_g_c_1h2b_str;base;Chip Axe;Fighter;v_f_ax_s;;weapon;;;ax;unique;str
ax_un_g_c_2h2b_str;base;Lug Axe;Fighter;v_f_ax2h_s;;weapon;;;ax;unique;str
pickaxe;;Pickaxe;Fighter;v_any;;weapon;excluded;;;;
scythe_g_1h_avg;base;Scythe;Fighter;v_f_cdhss;;weapon;;;scythe;;str
scythe_g_1h_fun;;Short Scythe;Fighter;v_f_cdhss;;weapon;excluded;;scythe;;str
scythe_g_1h_mag;base;Sweeping Scythe;Fighter;v_f_cdhss;;weapon;;;scythe;;str
bw_g_c_c_l_4_avg;base;Long Backed Bow;Ranger;v_r_bw_n;;weapon;;;bw;;multi
bw_g_c_c_l_4_avg;c_fin;Long Backed Bow;Ranger;v_r_bw_n;;weapon;;;bw;;multi
bw_g_c_c_l_4_avg;c_mag;Long Backed Bow;Ranger;v_r_bw_n;;weapon;;;bw;;multi
bw_g_c_c_l_4_avg;c_str;Long Backed Bow;Ranger;v_r_bw_n;;weapon;;;bw;;multi
bw_g_c_c_l_4_avg;o_fin;Long Backed Bow;Ranger;v_r_bw_n;;weapon;;;bw;;multi
bw_g_c_c_l_4_avg;o_mag;Long Backed Bow;Ranger;v_r_bw_n;;weapon;;;bw;;multi
bw_g_c_c_l_4_avg;o_str;Long Backed Bow;Ranger;v_r_bw_n;;weapon;;;bw;;multi
bw_g_c_c_l_r_avg;base;Long Recurve;Ranger;v_r_bw_n;;weapon;;;bw;;multi
bw_g_c_c_l_r_avg;c_mag;Long Recurve;Ranger;v_r_bw_n;;weapon;;;bw;;multi
bw_g_c_c_l_r_avg;c_str;Long Recurve;Ranger;v_r_bw_n;;weapon;;;bw;;multi
bw_g_c_c_l_r_avg;o_avg;Long Recurve;Ranger;v_r_bw_n;;weapon;;;bw;;multi
bw_g_c_c_l_r_avg;o_fin;Long Recurve;Ranger;v_r_bw_n;;weapon;;;bw;;multi
bw_g_c_c_l_r_avg;o_mag;Long Recurve;Ranger;v_r_bw_n;;weapon;;;bw;;multi
bw_g_c_c_l_r_avg;o_str;Long Recurve;Ranger;v_r_bw_n;;weapon;;;bw;;multi
bw_g_c_c_m_4_avg;base;Battle Bow;Ranger;v_r_bw_n;;weapon;;;bw;;multi
bw_g_c_c_m_4_avg;c_fin;Battle Bow;Ranger;v_r_bw_n;;weapon;;;bw;;multi
bw_g_c_c_m_4_avg;c_mag;Battle Bow;Ranger;v_r_bw_n;;weapon;;;bw;;multi
bw_g_c_c_m_4_avg;c_str;Battle Bow;Ranger;v_r_bw_n;;weapon;;;bw;;multi
bw_g_c_c_m_4_avg;o_avg;Battle Bow;Ranger;v_r_bw_n;;weapon;;;bw;;multi
bw_g_c_c_m_4_avg;o_fin;Battle Bow;Ranger;v_r_bw_n;;weapon;;;bw;;multi
bw_g_c_c_m_4_avg;o_mag;Battle Bow;Ranger;v_r_bw_n;;weapon;;;bw;;multi
bw_g_c_c_m_4_avg;o_str;Battle Bow;Ranger;v_r_bw_n;;weapon;;;bw;;multi
bw_g_c_c_m_4_fun;;Flimsy Battle Bow;Ranger;v_r_bw_n;;weapon;;;bw;;
bw_g_c_c_m_4_low;;Worn Battle Bow;Ranger;v_r_bw_n;;weapon;;;bw;;
bw_g_c_c_m_r_avg;base;Backed Bow;Ranger;v_r_bw_n;;weapon;;;bw;;multi
bw_g_c_c_m_r_avg;c_fin;Backed Bow;Ranger;v_r_bw_n;;weapon;;;bw;;multi
bw_g_c_c_m_r_avg;c_mag;Backed Bow;Ranger;v_r_bw_n;;weapon;;;bw;;multi
bw_g_c_c_m_r_avg;c_str;Backed Bow;Ranger;v_r_bw_n;;weapon;;;bw;;multi
bw_g_c_c_m_r_avg;o_avg;Backed Bow;Ranger;v_r_bw_n;;weapon;;;bw;;multi
bw_g_c_c_m_r_avg;o_mag;Backed Bow;Ranger;v_r_bw_n;;weapon;;;bw;;multi
bw_g_c_c_m_r_avg;o_str;Backed Bow;Ranger;v_r_bw_n;;weapon;;;bw;;multi
bw_g_c_c_m_r_fun;;Frail Backed Bow;Ranger;v_r_bw_n;;weapon;;;bw;;multi
bw_g_c_c_m_r_low;;Crooked Backed Bow;Ranger;v_r_bw_n;;weapon;;;bw;;multi
bw_g_c_c_s_4_avg;base;Short Backed Bow;Ranger;v_r_bw_n;;weapon;;;bw;;multi
bw_g_c_c_s_4_avg;o_avg;Short Backed Bow;Ranger;v_r_bw_n;;weapon;;;bw;;multi
bw_g_c_s_l_c_avg;base;Long Bow;Ranger;v_r_bw_n;;weapon;;;bw;;multi
bw_g_c_s_l_c_avg;c_fin;Long Bow;Ranger;v_r_bw_n;;weapon;;;bw;;multi
bw_g_c_s_l_c_avg;c_mag;Long Bow;Ranger;v_r_bw_n;;weapon;;;bw;;multi
bw_g_c_s_l_c_avg;c_str;Long Bow;Ranger;v_r_bw_n;;weapon;;;bw;;multi
bw_g_c_s_l_c_avg;o_avg;Long Bow;Ranger;v_r_bw_n;;weapon;;;bw;;multi
bw_g_c_s_l_c_avg;o_mag;Long Bow;Ranger;v_r_bw_n;;weapon;;;bw;;multi
bw_g_c_s_l_c_fun;;Battered Long Bow;Ranger;v_r_bw_n;;weapon;;;bw;;
bw_g_c_s_l_c_low;;Frayed Long Bow;Ranger;v_r_bw_n;;weapon;;;bw;;
bw_g_c_s_m_c_avg;base;Bow;Ranger;v_r_bw_n;;weapon;;;bw;;dex
bw_g_c_s_m_c_avg;c_fin;Bow;Ranger;v_r_bw_n;;weapon;;;bw;;multi
bw_g_c_s_m_c_avg;c_mag;Bow;Ranger;v_r_bw_n;;weapon;;;bw;;multi
bw_g_c_s_m_c_avg;c_str;Bow;Ranger;v_r_bw_n;;weapon;;;bw;;multi
bw_g_c_s_m_c_avg;o_avg;Bow;Ranger;v_r_bw_n;;weapon;;;bw;;multi
bw_g_c_s_m_c_avg;o_mag;Bow;Ranger;v_r_bw_n;;weapon;;;bw;;multi
bw_g_c_s_m_c_fun;;Weathered Bow;Ranger;v_r_bw_n;;weapon;;;bw;;dex
bw_g_c_s_m_c_low;;Brittle Bow;Ranger;v_r_bw_n;;weapon;;;bw;;
bw_g_c_s_m_r_avg;base;Recurve Bow;Ranger;v_r_bw_n;;weapon;;;bw;;multi
bw_g_c_s_m_r_avg;c_fin;Recurve Bow;Ranger;v_r_bw_n;;weapon;;;bw;;multi
bw_g_c_s_m_r_avg;c_mag;Recurve Bow;Ranger;v_r_bw_n;;weapon;;;bw;;multi
bw_g_c_s_m_r_avg;c_str;Recurve Bow;Ranger;v_r_bw_n;;weapon;;;bw;;multi
bw_g_c_s_m_r_avg;o_avg;Recurve Bow;Ranger;v_r_bw_n;;weapon;;;bw;;multi
bw_g_c_s_s_c_avg;base;Short Bow;Ranger;v_r_bw_n;;weapon;;;bw;;
bw_g_c_s_s_c_avg;c_fin;Short Bow;Ranger;v_r_bw_n;;weapon;;;bw;;
bw_g_c_s_s_c_avg;c_str;Short Bow;Ranger;v_r_bw_n;;weapon;;;bw;;multi
bw_g_c_s_s_c_avg;o_avg;Short Bow;Ranger;v_r_bw_n;;weapon;;;bw;;dex
bw_g_c_s_s_c_avg;o_fin;Short Bow;Ranger;v_r_bw_n;;weapon;;;bw;;multi
bw_g_c_s_s_c_avg;o_mag;Short Bow;Ranger;v_r_bw_n;;weapon;;;bw;;multi
bw_g_c_s_s_c_avg;o_str;Short Bow;Ranger;v_r_bw_n;;weapon;;;bw;;multi
bw_g_c_s_s_r_avg;base;Short Recurve;Ranger;v_r_bw_n;;weapon;;;bw;;
bw_g_c_s_s_r_avg;c_mag;Short Recurve;Ranger;v_r_bw_n;;weapon;;;bw;;multi
bw_g_c_s_s_r_avg;o_avg;Short Recurve;Ranger;v_r_bw_n;;weapon;;;bw;;dex
bw_g_d_s_l_c_avg;;Peasant Long Bow;Ranger;v_r_bw_n;;weapon;;;bw;;dex
bw_g_d_s_s_c_avg;;Peasant Short Bow;Ranger;v_r_bw_n;;weapon;;;bw;;
bw_g_o_c_m_4_fun;;Weakened Battle Bow;Ranger;v_r_bw_n;;weapon;;;bw;;
bw_g_o_c_m_4_low;;Shabby Battle Bow;Ranger;v_r_bw_n;;weapon;;;bw;;
bw_g_o_c_s_4_fun;;Shardan Bow;Ranger;v_r_bw_n;;weapon;;;bw;;
bw_ra_g_c_c_l_4_avg;base;Long Butcher Bow;Ranger;v_r_bw_s;;weapon;;;bw;rare;multi
bw_ra_g_c_c_l_4_avg;c_fin;Long Butcher Bow;Ranger;v_r_bw_s;;weapon;;;bw;rare;multi
bw_ra_g_c_c_l_4_avg;c_mag;Long Butcher Bow;Ranger;v_r_bw_s;;weapon;;;bw;rare;multi
bw_ra_g_c_c_l_4_avg;o_fin;Long Butcher Bow;Ranger;v_r_bw_s;;weapon;;;bw;rare;multi
bw_ra_g_c_c_l_r_avg;base;Lethal Recurve;Ranger;v_r_bw_s;;weapon;;;bw;rare;multi
bw_ra_g_c_c_l_r_avg;c_mag;Lethal Recurve;Ranger;v_r_bw_s;;weapon;;;bw;rare;multi
bw_ra_g_c_c_l_r_avg;c_str;Lethal Recurve;Ranger;v_r_bw_s;;weapon;;;bw;rare;multi
bw_ra_g_c_c_l_r_avg;o_avg;Lethal Recurve;Ranger;v_r_bw_s;;weapon;;;bw;rare;multi
bw_ra_g_c_c_l_r_avg;o_fin;Lethal Recurve;Ranger;v_r_bw_s;;weapon;;;bw;rare;multi
bw_ra_g_c_c_l_r_avg;o_mag;Lethal Recurve;Ranger;v_r_bw_s;;weapon;;;bw;rare;multi
bw_ra_g_c_c_l_r_avg;o_str;Lethal Recurve;Ranger;v_r_bw_s;;weapon;;;bw;rare;multi
bw_ra_g_c_c_m_4_fin;base;Savage Bow;Ranger;v_r_bw_s;;weapon;;;bw;rare;multi
bw_ra_g_c_c_m_4_fin;c_mag;Savage Bow;Ranger;v_r_bw_s;;weapon;;;bw;rare;multi
bw_ra_g_c_c_m_4_fin;c_str;Savage Bow;Ranger;v_r_bw_s;;weapon;;;bw;rare;multi
bw_ra_g_c_c_m_4_fin;o_avg;Savage Bow;Ranger;v_r_bw_s;;weapon;;;bw;rare;multi
bw_ra_g_c_c_m_r_avg;base;Basher Bow;Ranger;v_r_bw_s;;weapon;;;bw;rare;multi
bw_ra_g_c_c_m_r_avg;c_fin;Basher Bow;Ranger;v_r_bw_s;;weapon;;;bw;rare;multi
bw_ra_g_c_c_m_r_avg;c_mag;Basher Bow;Ranger;v_r_bw_s;;weapon;;;bw;rare;multi
bw_ra_g_c_c_m_r_avg;c_str;Basher Bow;Ranger;v_r_bw_s;;weapon;;;bw;rare;multi
bw_ra_g_c_c_m_r_avg;o_avg;Basher Bow;Ranger;v_r_bw_s;;weapon;;;bw;rare;multi
bw_ra_g_c_c_m_r_avg;o_mag;Basher Bow;Ranger;v_r_bw_s;;weapon;;;bw;rare;multi
bw_ra_g_c_c_m_r_avg;o_str;Basher Bow;Ranger;v_r_bw_s;;weapon;;;bw;rare;multi
bw_ra_g_c_c_s_4_avg;base;Short Bleeder Bow;Ranger;v_r_bw_s;;weapon;;;bw;rare;multi
bw_ra_g_c_c_s_4_avg;o_mag;Short Bleeder Bow;Ranger;v_r_bw_s;;weapon;;;bw;rare;multi
bw_ra_g_c_c_s_4_avg;o_str;Short Bleeder Bow;Ranger;v_r_bw_s;;weapon;;;bw;rare;multi
bw_ra_g_c_s_l_c_avg;base;Beast Bow;Ranger;v_r_bw_s;;weapon;;;bw;rare;multi
bw_ra_g_c_s_l_c_avg;o_avg;Beast Bow;Ranger;v_r_bw_s;;weapon;;;bw;rare;multi
bw_ra_g_c_s_m_c_fin;base;Shatter Bow;Ranger;v_r_bw_s;;weapon;;;bw;rare;multi
bw_ra_g_c_s_m_c_fin;c_str;Shatter Bow;Ranger;v_r_bw_s;;weapon;;;bw;rare;multi
bw_ra_g_c_s_m_c_fin;o_avg;Shatter Bow;Ranger;v_r_bw_s;;weapon;;;bw;rare;multi
bw_ra_g_c_s_m_c_fin;o_fin;Shatter Bow;Ranger;v_r_bw_s;;weapon;;;bw;rare;multi
bw_ra_g_c_s_m_c_fin;o_mag;Shatter Bow;Ranger;v_r_bw_s;;weapon;;;bw;rare;multi
bw_ra_g_c_s_m_r_fin;base;Puncture Bow;Ranger;v_r_bw_s;;weapon;;;bw;rare;multi
bw_ra_g_c_s_m_r_fin;c_mag;Puncture Bow;Ranger;v_r_bw_s;;weapon;;;bw;rare;multi
bw_ra_g_c_s_m_r_fin;o_mag;Puncture Bow;Ranger;v_r_bw_s;;weapon;;;bw;rare;multi
bw_ra_g_c_s_m_r_fin;o_str;Puncture Bow;Ranger;v_r_bw_s;;weapon;;;bw;rare;multi
bw_ra_g_c_s_s_c_fin;base;Fatal Bow;Ranger;v_r_bw_s;;weapon;;;bw;rare;dex
bw_ra_g_c_s_s_c_fin;o_avg;Fatal Bow;Ranger;v_r_bw_s;;weapon;;;bw;rare;dex
bw_ra_g_c_s_s_c_fin;o_fin;Fatal Bow;Ranger;v_r_bw_s;;weapon;;;bw;rare;multi
bw_ra_g_c_s_s_c_fin;o_mag;Fatal Bow;Ranger;v_r_bw_s;;weapon;;;bw;rare;multi
bw_ra_g_c_s_s_c_fin;o_str;Fatal Bow;Ranger;v_r_bw_s;;weapon;;;bw;rare;multi
bw_ra_g_c_s_s_c_stopper;base;Heart Stopper;Ranger;v_r_bw_s;;weapon;excluded;;bw;rare;dex
bw_ra_g_o_s_s_r_avg;base;Cruel Recurve;Ranger;v_r_bw_s;;weapon;;;bw;rare;multi
bw_ra_g_o_s_s_r_avg;c_mag;Cruel Recurve;Ranger;v_r_bw_s;;weapon;;;bw;rare;multi
bw_ra_g_o_s_s_r_avg;o_fin;Cruel Recurve;Ranger;v_r_bw_s;;weapon;;;bw;rare;multi
bw_ra_g_o_s_s_r_avg;o_str;Cruel Recurve;Ranger;v_r_bw_s;;weapon;;;bw;rare;multi
bw_un_droog_avg;;Droog Archer Bow;Ranger;v_r_bw_s;;weapon;excluded;;bw;unique;multi
bw_un_ice_c_m_s_r_avg;;Ice Bow;Ranger;v_r_bw_s;;weapon;excluded;;bw;unique;multi
bw_un_seck_avg;;Seck Bow;Ranger;v_r_bw_s;;weapon;excluded;;bw;unique;multi
bw_un_seck_fin;;Seck Elite Bow;Ranger;v_r_bw_s;;weapon;excluded;;bw;unique;multi
bw_un_seck_str;;Seck Battle Bow;Ranger;v_r_bw_s;;weapon;excluded;;bw;unique;multi
rock_krug;;Rock;Ranger;v_excluded;;weapon;excluded;;;;
cb_g_c_r_1h_avg;base;Cudgel;Fighter;v_f_cdhss;;weapon;;;cb;;
cb_g_c_r_1h_avg;c_fin;Cudgel;Fighter;v_f_cdhss;;weapon;;;cb;;
cb_g_c_r_1h_avg;o_avg;Cudgel;Fighter;v_f_cdhss;;weapon;;;cb;;
cb_g_c_r_1h_avg;o_fin;Cudgel;Fighter;v_f_cdhss;;weapon;;;cb;;
cb_g_c_r_1h_fun;;Rock Club;Fighter;v_f_cdhss;;weapon;;;cb;;
cb_g_c_r_1h_low;;Bone Club;Fighter;v_f_cdhss;;weapon;;;cb;;
cb_g_d_r_1h_avg;;Spiked Club;Fighter;v_f_cdhss;;weapon;;;cb;;
cb_g_d_r_1h_fun;;Chair Leg;Fighter;v_f_cdhss;;weapon;;;cb;;
cb_g_d_r_1h_low;;Branch;Fighter;v_f_cdhss;;weapon;;;cb;;
cb_un_1h_swanny;;Swanny's Club;Fighter;v_f_cdhss;;weapon;excluded;;cb;unique;str
cb_un_2h_cyclops;;Massive Club;Fighter;v_f_cdhss;;weapon;excluded;;cb;unique;str
cb_un_2h_horrid;;Horrid Club;Fighter;v_f_cdhss;;weapon;excluded;;cb;unique;str
cb_un_2h_troll;;Troll Club;Fighter;v_f_cdhss;;weapon;excluded;;cb;unique;str
cb_un_2h_troll_forest;;Tree Club;Fighter;v_f_cdhss;;weapon;excluded;;cb;unique;str
cb_un_2h_troll_rock;;Rocky Club;Fighter;v_f_cdhss;;weapon;excluded;;cb;unique;str
cb_un_2h_troll_swamp;;Swamp Club;Fighter;v_f_cdhss;;weapon;excluded;;cb;unique;str
dg_g_c_1h_avg;c_fin;Dagger;Fighter;v_f_cdhss;;weapon;;;dg;;
dg_g_c_1h_avg;c_mag;Dagger;Fighter;v_f_cdhss;;weapon;;;dg;;str
dg_g_c_1h_avg;c_str;Dagger;Fighter;v_f_cdhss;;weapon;;;dg;;str
dg_g_c_1h_fun;;Blunt Dagger;Fighter;v_f_cdhss;;weapon;;;dg;;
dg_g_c_1h_low;;Rusty Dagger;Fighter;v_f_cdhss;;weapon;;;dg;;
dg_g_d_1h_fun;;Knife;Fighter;v_f_cdhss;;weapon;excluded;;dg;;
hm_g_c_1h1m_avg;base;Hammer;Fighter;v_f_cdhss;;weapon;;;hm;;
hm_g_c_1h1m_avg;c_fin;Hammer;Fighter;v_f_cdhss;;weapon;;;hm;;str
hm_g_c_1h1m_avg;c_mag;Hammer;Fighter;v_f_cdhss;;weapon;;;hm;;str
hm_g_c_1h1m_avg;c_str;Hammer;Fighter;v_f_cdhss;;weapon;;;hm;;str
hm_g_c_1h1m_avg;o_avg;Hammer;Fighter;v_f_cdhss;;weapon;;;hm;;str
hm_g_c_1h1m_avg;o_fin;Hammer;Fighter;v_f_cdhss;;weapon;;;hm;;str
hm_g_c_1h1m_avg;o_mag;Hammer;Fighter;v_f_cdhss;;weapon;;;hm;;str
hm_g_c_1h1m_avg;o_str;Hammer;Fighter;v_f_cdhss;;weapon;;;hm;;str
hm_g_c_1h1m_fun;;Common Hammer;Fighter;v_f_cdhss;;weapon;;;hm;;
hm_g_c_1h1m_low;;Worn Hammer;Fighter;v_f_cdhss;;weapon;;;hm;;
hm_g_c_2h1m_avg;base;Mallet;Fighter;v_f_cdhss2h;;weapon;;;hm;;str
hm_g_c_2h1m_avg;c_fin;Mallet;Fighter;v_f_cdhss2h;;weapon;;;hm;;str
hm_g_c_2h1m_avg;c_mag;Mallet;Fighter;v_f_cdhss2h;;weapon;;;hm;;str
hm_g_c_2h1m_avg;c_str;Mallet;Fighter;v_f_cdhss2h;;weapon;;;hm;;str
hm_g_c_2h1m_avg;o_avg;Mallet;Fighter;v_f_cdhss2h;;weapon;;;hm;;str
hm_g_c_2h1m_avg;o_fin;Mallet;Fighter;v_f_cdhss2h;;weapon;;;hm;;str
hm_g_c_2h1m_avg;o_mag;Mallet;Fighter;v_f_cdhss2h;;weapon;;;hm;;str
hm_g_c_2h1m_avg;o_str;Mallet;Fighter;v_f_cdhss2h;;weapon;;;hm;;str
hm_g_c_2h1m_fun;;Damaged Mallet;Fighter;v_f_cdhss2h;;weapon;;;hm;;str
hm_g_c_2h1m_low;;Crude Mallet;Fighter;v_f_cdhss2h;;weapon;;;hm;;str
hm_g_c_2h2m_avg;base;Maul;Fighter;v_f_cdhss2h;;weapon;;;hm;;str
hm_g_c_2h2m_avg;c_fin;Maul;Fighter;v_f_cdhss2h;;weapon;;;hm;;str
hm_g_c_2h2m_avg;c_mag;Maul;Fighter;v_f_cdhss2h;;weapon;;;hm;;str
hm_g_c_2h2m_avg;c_str;Maul;Fighter;v_f_cdhss2h;;weapon;;;hm;;str
hm_g_c_2h2m_avg;o_mag;Maul;Fighter;v_f_cdhss2h;;weapon;;;hm;;str
hm_g_c_2h2m_avg;o_str;Maul;Fighter;v_f_cdhss2h;;weapon;;;hm;;str
hm_g_c_2h2m_fun;;Sledgehammer;Fighter;v_f_cdhss2h;;weapon;;;hm;;str
hm_ra_g_c_1h1m_fin;base;Head Hammer;Fighter;v_f_cdhss;;weapon;;;hm;rare;str
hm_ra_g_c_1h1m_fin;c_mag;Head Hammer;Fighter;v_f_cdhss;;weapon;;;hm;rare;str
hm_ra_g_c_1h1m_fin;c_str;Head Hammer;Fighter;v_f_cdhss;;weapon;;;hm;rare;str
hm_ra_g_c_1h1m_fin;o_mag;Head Hammer;Fighter;v_f_cdhss;;weapon;;;hm;rare;str
hm_ra_g_c_2h1m_fin;base;Wound Mallet;Fighter;v_f_cdhss2h;;weapon;;;hm;rare;str
hm_ra_g_c_2h1m_fin;c_mag;Wound Mallet;Fighter;v_f_cdhss2h;;weapon;;;hm;rare;str
hm_ra_g_c_2h1m_fin;c_str;Wound Mallet;Fighter;v_f_cdhss2h;;weapon;;;hm;rare;str
hm_ra_g_c_2h1m_fin;o_str;Wound Mallet;Fighter;v_f_cdhss2h;;weapon;;;hm;rare;str
hm_ra_g_c_2h2m_fin;base;Head Ram;Fighter;v_f_cdhss2h;;weapon;;;hm;rare;str
hm_ra_g_c_2h2m_fin;c_mag;Head Ram;Fighter;v_f_cdhss2h;;weapon;;;hm;rare;str
hm_ra_g_c_2h2m_fin;o_str;Head Ram;Fighter;v_f_cdhss2h;;weapon;;;hm;rare;str
mc_d_c_f_1h_str;base;Wing Mace;Fighter;v_f_mc_n;;weapon;;;mc;;str
mc_d_c_s_1h_mag;base;Horned Mace;Fighter;v_f_mc_n;;weapon;;;mc;;str
mc_g_c_f_1h_avg;base;Flanged Mace;Fighter;v_f_mc_n;;weapon;;;mc;;str
mc_g_c_f_1h_avg;c_fin;Flanged Mace;Fighter;v_f_mc_n;;weapon;;;mc;;str
mc_g_c_f_1h_avg;c_mag;Flanged Mace;Fighter;v_f_mc_n;;weapon;;;mc;;str
mc_g_c_f_1h_avg;c_str;Flanged Mace;Fighter;v_f_mc_n;;weapon;;;mc;;str
mc_g_c_f_1h_avg;o_avg;Flanged Mace;Fighter;v_f_mc_n;;weapon;;;mc;;str
mc_g_c_f_1h_avg;o_fin;Flanged Mace;Fighter;v_f_mc_n;;weapon;;;mc;;str
mc_g_c_f_1h_avg;o_mag;Flanged Mace;Fighter;v_f_mc_n;;weapon;;;mc;;str
mc_g_c_f_1h_avg;o_str;Flanged Mace;Fighter;v_f_mc_n;;weapon;;;mc;;str
mc_g_c_f_1h_fun;;Worn Flanged Mace;Fighter;v_f_mc_n;;weapon;;;mc;;str
mc_g_c_f_1h_low;;Bent Flanged Mace;Fighter;v_f_mc_n;;weapon;;;mc;;
mc_g_c_m_1h_avg;base;Mace;Fighter;v_f_mc_n;;weapon;;;mc;;
mc_g_c_m_1h_avg;c_fin;Mace;Fighter;v_f_mc_n;;weapon;;;mc;;str
mc_g_c_m_1h_avg;c_mag;Mace;Fighter;v_f_mc_n;;weapon;;;mc;;str
mc_g_c_m_1h_avg;c_str;Mace;Fighter;v_f_mc_n;;weapon;;;mc;;str
mc_g_c_m_1h_avg;o_avg;Mace;Fighter;v_f_mc_n;;weapon;;;mc;;str
mc_g_c_m_1h_avg;o_fin;Mace;Fighter;v_f_mc_n;;weapon;;;mc;;str
mc_g_c_m_1h_avg;o_mag;Mace;Fighter;v_f_mc_n;;weapon;;;mc;;str
mc_g_c_m_1h_avg;o_str;Mace;Fighter;v_f_mc_n;;weapon;;;mc;;str
mc_g_c_m_1h_fun;;Dented Mace;Fighter;v_f_mc_n;;weapon;;;mc;;
mc_g_c_m_1h_low;;Chipped Mace;Fighter;v_f_mc_n;;weapon;;;mc;;
mc_g_c_s_1h_avg;base;Spiked Mace;Fighter;v_f_mc_n;;weapon;;;mc;;str
mc_g_c_s_1h_avg;c_fin;Spiked Mace;Fighter;v_f_mc_n;;weapon;;;mc;;str
mc_g_c_s_1h_avg;c_mag;Spiked Mace;Fighter;v_f_mc_n;;weapon;;;mc;;str
mc_g_c_s_1h_avg;c_str;Spiked Mace;Fighter;v_f_mc_n;;weapon;;;mc;;str
mc_g_c_s_1h_avg;o_avg;Spiked Mace;Fighter;v_f_mc_n;;weapon;;;mc;;str
mc_g_c_s_1h_avg;o_fin;Spiked Mace;Fighter;v_f_mc_n;;weapon;;;mc;;str
mc_g_c_s_1h_avg;o_mag;Spiked Mace;Fighter;v_f_mc_n;;weapon;;;mc;;str
mc_g_c_s_1h_avg;o_str;Spiked Mace;Fighter;v_f_mc_n;;weapon;;;mc;;str
mc_g_c_s_1h_fun;;Rusted Spiked Mace;Fighter;v_f_mc_n;;weapon;;;mc;;str
mc_g_c_s_1h_low;;Dull Spiked Mace;Fighter;v_f_mc_n;;weapon;;;mc;;str
mc_ra_g_c_f_1h_fin;base;Mincemeat;Fighter;v_f_mc_s;;weapon;;;mc;rare;str
mc_ra_g_c_f_1h_fin;c_mag;Mincemeat;Fighter;v_f_mc_s;;weapon;;;mc;rare;str
mc_ra_g_c_f_1h_fin;c_str;Mincemeat;Fighter;v_f_mc_s;;weapon;;;mc;rare;str
mc_ra_g_c_f_1h_fin;o_avg;Mincemeat;Fighter;v_f_mc_s;;weapon;;;mc;rare;str
mc_ra_g_c_f_1h_fin;o_fin;Mincemeat;Fighter;v_f_mc_s;;weapon;;;mc;rare;str
mc_ra_g_c_f_1h_fin;o_mag;Mincemeat;Fighter;v_f_mc_s;;weapon;;;mc;rare;str
mc_ra_g_c_m_1h_fin;base;Squasher;Fighter;v_f_mc_s;;weapon;;;mc;rare;str
mc_ra_g_c_m_1h_fin;c_mag;Squasher;Fighter;v_f_mc_s;;weapon;;;mc;rare;str
mc_ra_g_c_m_1h_fin;c_str;Squasher;Fighter;v_f_mc_s;;weapon;;;mc;rare;str
mc_ra_g_c_m_1h_fin;o_avg;Squasher;Fighter;v_f_mc_s;;weapon;;;mc;rare;str
mc_ra_g_c_m_1h_fin;o_fin;Squasher;Fighter;v_f_mc_s;;weapon;;;mc;rare;str
mc_ra_g_c_m_1h_fin;o_str;Squasher;Fighter;v_f_mc_s;;weapon;;;mc;rare;str
mc_ra_g_c_s_1h_fin;base;Slaughter Rod;Fighter;v_f_mc_s;;weapon;;;mc;rare;str
mc_ra_g_c_s_1h_fin;c_str;Slaughter Rod;Fighter;v_f_mc_s;;weapon;;;mc;rare;str
mc_ra_g_c_s_1h_fin;o_avg;Slaughter Rod;Fighter;v_f_mc_s;;weapon;;;mc;rare;str
mc_ra_g_c_s_1h_fin;o_fin;Slaughter Rod;Fighter;v_f_mc_s;;weapon;;;mc;rare;str
mc_ra_g_c_s_1h_fin;o_mag;Slaughter Rod;Fighter;v_f_mc_s;;weapon;;;mc;rare;str
mc_ra_g_c_s_1h_fin;o_str;Slaughter Rod;Fighter;v_f_mc_s;;weapon;;;mc;rare;str
mc_sc_g_c_f_1h_fin;base;Icicle Mace;Fighter;v_f_mc_n;;weapon;;;mc;;str
mc_sc_g_c_m_1h_fin;base;Regalia Scepter;Fighter;v_f_mc_n;;weapon;;;mc;;str
mc_sc_g_c_m_1h_str;base;Lion Scepter;Fighter;v_f_mc_n;;weapon;;;mc;;str
mc_sc_g_c_s_1h_fin;base;Crystal Scepter;Fighter;v_f_mc_n;;weapon;;;mc;;str
mc_sc_g_o_f_1h_fin;base;Dragon Scepter;Fighter;v_f_mc_n;;weapon;;;mc;;str
mc_sc_g_o_m_1h_avg;base;Regal Scepter;Fighter;v_f_mc_n;;weapon;;;mc;;str
mc_sc_g_o_m_1h_fin;base;Eye Scepter;Fighter;v_f_mc_n;;weapon;;;mc;;str
mc_sc_g_o_m_1h_str;base;Crown Scepter;Fighter;v_f_mc_n;;weapon;;;mc;;str
mc_sc_un_bells;base;Bell Scepter;Fighter;v_f_mc_n;;weapon;;;mc;;str
mc_sc_un_dolphin;base;Water Scepter;Fighter;v_f_mc_n;;weapon;;;mc;;str
mc_sc_un_egypt;base;Cane Scepter;Fighter;v_f_mc_n;;weapon;;;mc;;str
mc_sc_un_hand;base;Iron Scepter;Fighter;v_f_mc_n;;weapon;;;mc;;str
mc_sc_un_horns;base;Tangled Scepter;Fighter;v_f_mc_n;;weapon;;;mc;;str
mc_sc_un_jester;base;Masked Scepter;Fighter;v_f_mc_n;;weapon;;;mc;;str
mc_sc_un_spider;base;Web Scepter;Fighter;v_f_mc_n;;weapon;;;mc;;str
temp_mc_g_c_f_1h_avg;;Inferior Flanged Mace;Fighter;v_excluded;;weapon;excluded;;;;
blacksmith_hammer;;Blacksmith Hammer;Fighter;v_excluded;;weapon;excluded;;;;
fire_poker;;Fire Poker;Fighter;v_any;;weapon;excluded;;;;
meat_bone;;Meat;Fighter;v_any;;weapon;excluded;;;;
torch_small;;Torch;Fighter;v_excluded;;weapon;excluded;;;;
chicken_gun;;Chicken Gun;Ranger;v_bonus;;weapon;excluded;;;;multi
cw_g_c_l_p_avg;base;Long Crossbow;Ranger;v_r_cm;;weapon;;;cw;;multi
cw_g_c_l_p_avg;c_fin;Long Crossbow;Ranger;v_r_cm;;weapon;;;cw;;multi
cw_g_c_l_p_avg;c_mag;Long Crossbow;Ranger;v_r_cm;;weapon;;;cw;;multi
cw_g_c_l_p_avg;c_str;Long Crossbow;Ranger;v_r_cm;;weapon;;;cw;;multi
cw_g_c_l_p_avg;o_avg;Long Crossbow;Ranger;v_r_cm;;weapon;;;cw;;multi
cw_g_c_l_p_avg;o_fin;Long Crossbow;Ranger;v_r_cm;;weapon;;;cw;;multi
cw_g_c_l_p_avg;o_mag;Long Crossbow;Ranger;v_r_cm;;weapon;;;cw;;multi
cw_g_c_l_p_avg;o_str;Long Crossbow;Ranger;v_r_cm;;weapon;;;cw;;multi
cw_g_c_m_p_avg;base;Medium Crossbow;Ranger;v_r_cm;;weapon;;;cw;;multi
cw_g_c_m_p_avg;c_fin;Medium Crossbow;Ranger;v_r_cm;;weapon;;;cw;;multi
cw_g_c_m_p_avg;c_mag;Medium Crossbow;Ranger;v_r_cm;;weapon;;;cw;;multi
cw_g_c_m_p_avg;c_str;Medium Crossbow;Ranger;v_r_cm;;weapon;;;cw;;multi
cw_g_c_m_p_avg;o_avg;Medium Crossbow;Ranger;v_r_cm;;weapon;;;cw;;multi
cw_g_c_m_p_avg;o_fin;Medium Crossbow;Ranger;v_r_cm;;weapon;;;cw;;multi
cw_g_c_m_p_avg;o_mag;Medium Crossbow;Ranger;v_r_cm;;weapon;;;cw;;multi
cw_g_c_m_p_avg;o_str;Medium Crossbow;Ranger;v_r_cm;;weapon;;;cw;;multi
cw_ra_g_c_l_p_fin;base;Punisher Crossbow;Ranger;v_r_cm;;weapon;;;cw;rare;multi
cw_ra_g_c_l_p_fin;c_mag;Punisher Crossbow;Ranger;v_r_cm;;weapon;;;cw;rare;multi
cw_ra_g_c_l_p_fin;c_str;Punisher Crossbow;Ranger;v_r_cm;;weapon;;;cw;rare;multi
cw_ra_g_c_l_p_fin;o_avg;Punisher Crossbow;Ranger;v_r_cm;;weapon;;;cw;rare;multi
cw_ra_g_c_l_p_fin;o_str;Punisher Crossbow;Ranger;v_r_cm;;weapon;;;cw;rare;multi
cw_ra_g_o_m_p_mag;base;Slayer Crossbow;Ranger;v_r_cm;;weapon;;;cw;rare;multi
minigun_dragon;;Dragon Minigun;Ranger;v_r_cm;;weapon;excluded;;minigun;;multi
minigun_flamethrower;;Flamethrower;Ranger;v_r_cm;;weapon;excluded;;minigun;;multi
minigun_grenade_launcher;;Grenade Launcher;Ranger;v_r_cm;;weapon;excluded;;minigun;;str
minigun_lightning;;Lightning Gun;Ranger;v_r_cm;;weapon;excluded;;minigun;;multi
hoe;;Hoe;Fighter;v_any;;weapon;excluded;;;;
pitchfork;;Pitchfork;Fighter;v_any;;weapon;excluded;;;;
pitchfork_dull;;Dull Pitchfork;Fighter;v_any;;weapon;excluded;;;;
rake;;Rake;Fighter;v_any;;weapon;excluded;;;;
shovel;;Shovel;Fighter;v_any;;weapon;excluded;;;;
st_g_c_b_avg;base;Bladed Staff;Mage;v_m_st_n;;weapon;;;st;;int
st_g_c_b_avg;c_fin;Bladed Staff;Mage;v_m_st_n;;weapon;;;st;;int
st_g_c_b_avg;c_mag;Bladed Staff;Mage;v_m_st_n;;weapon;;;st;;int
st_g_c_b_avg;c_str;Bladed Staff;Mage;v_m_st_n;;weapon;;;st;;int
st_g_c_b_avg;o_avg;Bladed Staff;Mage;v_m_st_n;;weapon;;;st;;int
st_g_c_b_avg;o_fin;Bladed Staff;Mage;v_m_st_n;;weapon;;;st;;int
st_g_c_b_avg;o_mag;Bladed Staff;Mage;v_m_st_n;;weapon;;;st;;int
st_g_c_b_avg;o_str;Bladed Staff;Mage;v_m_st_n;;weapon;;;st;;int
st_g_c_b_fun;;Gnarled Staff;Mage;v_m_st_n;;weapon;;;st;;int
st_g_c_b_low;;Notched Staff;Mage;v_m_st_n;;weapon;;;st;;int
st_g_c_r_avg;base;Staff;Mage;v_m_st_n;;weapon;;;st;;
st_g_c_r_avg;c_fin;Staff;Mage;v_m_st_n;;weapon;;;st;;int
st_g_c_r_avg;c_mag;Staff;Mage;v_m_st_n;;weapon;;;st;;int
st_g_c_r_avg;c_str;Staff;Mage;v_m_st_n;;weapon;;;st;;int
st_g_c_r_avg;o_avg;Staff;Mage;v_m_st_n;;weapon;;;st;;int
st_g_c_r_avg;o_fin;Staff;Mage;v_m_st_n;;weapon;;;st;;int
st_g_c_r_avg;o_mag;Staff;Mage;v_m_st_n;;weapon;;;st;;int
st_g_c_r_avg;o_str;Staff;Mage;v_m_st_n;;weapon;;;st;;int
st_g_c_r_fun;;Crooked Staff;Mage;v_m_st_n;;weapon;;;st;;
st_g_c_r_low;;Splintered Staff;Mage;v_m_st_n;;weapon;;;st;;
st_g_c_s_avg;base;Steel Staff;Mage;v_m_st_n;;weapon;;;st;;int
st_g_c_s_avg;c_fin;Steel Staff;Mage;v_m_st_n;;weapon;;;st;;int
st_g_c_s_avg;c_mag;Steel Staff;Mage;v_m_st_n;;weapon;;;st;;int
st_g_c_s_avg;c_str;Steel Staff;Mage;v_m_st_n;;weapon;;;st;;int
st_g_c_s_avg;o_avg;Steel Staff;Mage;v_m_st_n;;weapon;;;st;;int
st_g_c_s_avg;o_fin;Steel Staff;Mage;v_m_st_n;;weapon;;;st;;int
st_g_c_s_avg;o_mag;Steel Staff;Mage;v_m_st_n;;weapon;;;st;;int
st_g_c_s_avg;o_str;Steel Staff;Mage;v_m_st_n;;weapon;;;st;;int
st_g_c_s_fun;;Bent Staff;Mage;v_m_st_n;;weapon;;;st;;int
st_g_c_s_low;;Warped Staff;Mage;v_m_st_n;;weapon;;;st;;int
st_g_d_r_avg;;Walking Stick;Mage;v_m_st_n;;weapon;;;st;;
st_g_o_b_fun;;Knife Staff;Mage;v_m_st_n;;weapon;;;st;;int
st_g_o_b_low;;Edge Staff;Mage;v_m_st_n;;weapon;;;st;;int
st_g_o_r_fun;;Yearling Staff;Mage;v_m_st_n;;weapon;;;st;;int
st_g_o_r_low;;Weathered Staff;Mage;v_m_st_n;;weapon;;;st;;int
st_g_o_s_fun;;Eastern Staff;Mage;v_m_st_n;;weapon;;;st;;int
st_g_o_s_low;;Charred Staff;Mage;v_m_st_n;;weapon;;;st;;int
st_ra_g_c_b_fin;base;Destroyer;Mage;v_m_st_s;;weapon;;;st;rare;int
st_ra_g_c_b_fin;c_mag;Destroyer;Mage;v_m_st_s;;weapon;;;st;rare;int
st_ra_g_c_b_fin;c_str;Destroyer;Mage;v_m_st_s;;weapon;;;st;rare;int
st_ra_g_c_b_fin;o_avg;Destroyer;Mage;v_m_st_s;;weapon;;;st;rare;int
st_ra_g_c_b_fin;o_fin;Destroyer;Mage;v_m_st_s;;weapon;;;st;rare;int
st_ra_g_c_b_fin;o_mag;Destroyer;Mage;v_m_st_s;;weapon;;;st;rare;int
st_ra_g_c_b_fin;o_str;Destroyer;Mage;v_m_st_s;;weapon;;;st;rare;int
st_ra_g_c_s_fin;base;Leg Breaker;Mage;v_m_st_s;;weapon;;;st;rare;int
st_ra_g_c_s_fin;c_mag;Leg Breaker;Mage;v_m_st_s;;weapon;;;st;rare;int
st_ra_g_c_s_fin;c_str;Leg Breaker;Mage;v_m_st_s;;weapon;;;st;rare;int
st_ra_g_c_s_fin;o_avg;Leg Breaker;Mage;v_m_st_s;;weapon;;;st;rare;int
st_ra_g_c_s_fin;o_fin;Leg Breaker;Mage;v_m_st_s;;weapon;;;st;rare;int
st_ra_g_c_s_fin;o_mag;Leg Breaker;Mage;v_m_st_s;;weapon;;;st;rare;int
st_ra_g_c_s_fin;o_str;Leg Breaker;Mage;v_m_st_s;;weapon;;;st;rare;int
st_ra_g_o_r_avg;base;Cruel Staff;Mage;v_m_st_s;;weapon;;;st;rare;int
st_ra_g_o_r_avg;c_mag;Cruel Staff;Mage;v_m_st_s;;weapon;;;st;rare;int
st_ra_g_o_r_avg;c_str;Cruel Staff;Mage;v_m_st_s;;weapon;;;st;rare;int
st_ra_g_o_r_avg;o_fin;Cruel Staff;Mage;v_m_st_s;;weapon;;;st;rare;int
st_ra_g_o_r_avg;o_mag;Cruel Staff;Mage;v_m_st_s;;weapon;;;st;rare;int
st_ra_g_o_r_avg;o_str;Cruel Staff;Mage;v_m_st_s;;weapon;;;st;rare;int
st_ra_g_o_r_puller;base;Puller Staff;Mage;v_m_st_s;;weapon;excluded;;st;rare;int
st_un_axe_str;base;Axe Staff;Mage;v_m_st_s;;weapon;;;st;unique;int
st_un_b_glaive;base;Bladed Staff;Mage;v_m_st_s;;weapon;;;st;unique;int
st_un_b_hook;base;Hooked Staff;Mage;v_m_st_s;;weapon;;;st;unique;int
st_un_b_wing;base;Wing Staff;Mage;v_m_st_s;;weapon;;;st;unique;int
st_un_hand;base;Hand Staff;Mage;v_m_st_s;;weapon;;;st;unique;int
st_un_ice_c_d_b_avg;base;Ice Staff;Mage;v_m_st_s;;weapon;excluded;;st;unique;int
st_un_mc_s;base;Mace Staff;Mage;v_m_st_s;;weapon;;;st;unique;int
st_un_merik;;Merik's Staff;Mage;v_excluded;;weapon;excluded;;st;unique;int
st_un_pointy;base;Sharp Staff;Mage;v_m_st_s;;weapon;;;st;unique;int
st_un_pudgel;base;Pudgel Staff;Mage;v_m_st_s;;weapon;;;st;unique;int
st_un_reaper;;Reaper;Mage;v_excluded;;weapon;excluded;;st;unique;
st_un_seck_gom;;Gom's Staff;Fighter;v_f_cdhss2h;;weapon;excluded;;st;unique;str
st_un_seck_mage;;Seck Mage Staff;Fighter;v_f_cdhss2h;;weapon;excluded;;st;unique;str
st_un_skull;base;Skull Staff;Mage;v_m_st_s;;weapon;;;st;unique;int
st_un_tiger;base;Tiger Staff;Mage;v_m_st_s;;weapon;;;st;unique;int
st_un_toothpick;base;Pointed Staff;Mage;v_m_st_s;;weapon;;;st;unique;int
st_un_toreck;;Sickle Staff;Fighter;v_f_cdhss2h;;weapon;excluded;;st;unique;str
st_un_twirl;base;Twirled Staff;Mage;v_m_st_s;;weapon;;;st;unique;int
sd_g_c_bl_1h_avg;base;Full Blade;Fighter;v_f_sd_n;;weapon;;;sd;;str
sd_g_c_bl_1h_avg;c_fin;Full Blade;Fighter;v_f_sd_n;;weapon;;;sd;;str
sd_g_c_bl_1h_avg;o_avg;Full Blade;Fighter;v_f_sd_n;;weapon;;;sd;;str
sd_g_c_bl_1h_avg;o_fin;Full Blade;Fighter;v_f_sd_n;;weapon;;;sd;;str
sd_g_c_bl_1h_low;;Cracked Full Blade;Fighter;v_f_sd_n;;weapon;;;sd;;str
sd_g_c_fa_1h_avg;c_fin;Falchion;Fighter;v_f_sd_n;;weapon;;;sd;;str
sd_g_c_fa_1h_avg;c_mag;Falchion;Fighter;v_f_sd_n;;weapon;;;sd;;str
sd_g_c_fa_1h_avg;c_str;Falchion;Fighter;v_f_sd_n;;weapon;;;sd;;str
sd_g_c_gl_1h_avg;base;Full Gladius;Fighter;v_f_sd_n;;weapon;;;sd;;str
sd_g_c_gl_1h_avg;o_avg;Full Gladius;Fighter;v_f_sd_n;;weapon;;;sd;;str
sd_g_c_gl_1h_avg;o_fin;Full Gladius;Fighter;v_f_sd_n;;weapon;;;sd;;str
sd_g_c_gl_1h_low;;Blunt Full Gladius;Fighter;v_f_sd_n;;weapon;;;sd;;str
sd_g_c_sc_1h_avg;c_fin;Scimitar;Fighter;v_f_sd_n;;weapon;;;sd;;str
sd_g_c_sc_1h_avg;c_mag;Scimitar;Fighter;v_f_sd_n;;weapon;;;sd;;str
sd_g_c_sc_1h_avg;c_str;Scimitar;Fighter;v_f_sd_n;;weapon;;;sd;;str
sd_g_c_sd_1h_avg;base;Long Sword;Fighter;v_f_sd_n;;weapon;;;sd;;str
sd_g_c_sd_1h_avg;c_fin;Long Sword;Fighter;v_f_sd_n;;weapon;;;sd;;str
sd_g_c_sd_1h_avg;c_mag;Long Sword;Fighter;v_f_sd_n;;weapon;;;sd;;str
sd_g_c_sd_1h_avg;c_str;Long Sword;Fighter;v_f_sd_n;;weapon;;;sd;;str
sd_g_c_sd_1h_avg;o_avg;Long Sword;Fighter;v_f_sd_n;;weapon;;;sd;;str
sd_g_c_sd_1h_fun;;Pitted Long Sword;Fighter;v_f_sd_n;;weapon;;;sd;;str
sd_g_c_sd_2h_avg;base;Great Sword;Fighter;v_f_sd2h_n;;weapon;;;sd;;str
sd_g_c_sd_2h_avg;c_fin;Great Sword;Fighter;v_f_sd2h_n;;weapon;;;sd;;str
sd_g_c_sd_2h_avg;c_mag;Great Sword;Fighter;v_f_sd2h_n;;weapon;;;sd;;str
sd_g_c_sd_2h_avg;c_str;Great Sword;Fighter;v_f_sd2h_n;;weapon;;;sd;;str
sd_g_c_sd_2h_avg;o_avg;Great Sword;Fighter;v_f_sd2h_n;;weapon;;;sd;;str
sd_g_c_sd_2h_fun;;Damaged Great Sword;Fighter;v_f_sd2h_n;;weapon;;;sd;;str
sd_g_c_sd_2h_fun_trog;base;Trog Great Sword;Fighter;v_f_sd2h_n;;weapon;;;sd;;str
sd_g_c_sd_2h_low;;Dented Great Sword;Fighter;v_f_sd2h_n;;weapon;;;sd;;str
sd_g_c_st_1h_avg;base;Steel;Fighter;v_f_sd_n;;weapon;;;sd;;str
sd_g_c_st_1h_avg;c_fin;Steel;Fighter;v_f_sd_n;;weapon;;;sd;;str
sd_g_c_st_1h_avg;c_mag;Steel;Fighter;v_f_sd_n;;weapon;;;sd;;str
sd_g_c_st_1h_avg;c_str;Steel;Fighter;v_f_sd_n;;weapon;;;sd;;str
sd_g_c_st_1h_avg;o_avg;Steel;Fighter;v_f_sd_n;;weapon;;;sd;;str
sd_g_c_st_1h_avg;o_fin;Steel;Fighter;v_f_sd_n;;weapon;;;sd;;str
sd_g_c_st_1h_avg;o_mag;Steel;Fighter;v_f_sd_n;;weapon;;;sd;;str
sd_g_c_st_1h_avg;o_str;Steel;Fighter;v_f_sd_n;;weapon;;;sd;;str
sd_g_c_st_2h_avg;base;Great Steel;Fighter;v_f_sd2h_n;;weapon;;;sd;;str
sd_g_c_st_2h_avg;c_fin;Great Steel;Fighter;v_f_sd2h_n;;weapon;;;sd;;str
sd_g_c_st_2h_avg;c_mag;Great Steel;Fighter;v_f_sd2h_n;;weapon;;;sd;;str
sd_g_c_st_2h_avg;c_str;Great Steel;Fighter;v_f_sd2h_n;;weapon;;;sd;;str
sd_g_c_st_2h_avg;o_avg;Great Steel;Fighter;v_f_sd2h_n;;weapon;;;sd;;str
sd_g_c_st_2h_avg;o_fin;Great Steel;Fighter;v_f_sd2h_n;;weapon;;;sd;;str
sd_g_c_st_2h_avg;o_mag;Great Steel;Fighter;v_f_sd2h_n;;weapon;;;sd;;str
sd_g_c_st_2h_avg;o_str;Great Steel;Fighter;v_f_sd2h_n;;weapon;;;sd;;str
sd_g_c_st_2h_fun;;Worn Great Steel;Fighter;v_f_sd2h_n;;weapon;;;sd;;str
sd_ra_g_c_bl_1h_fin;base;Cruel Blade;Fighter;v_f_sd_s;;weapon;;;sd;rare;str
sd_ra_g_c_fa_1h_fin;base;Bone Cutter;Fighter;v_f_sd_s;;weapon;;;sd;rare;str
sd_ra_g_c_fa_1h_fin;c_mag;Bone Cutter;Fighter;v_f_sd_s;;weapon;;;sd;rare;str
sd_ra_g_c_fa_1h_fin;c_str;Bone Cutter;Fighter;v_f_sd_s;;weapon;;;sd;rare;str
sd_ra_g_c_sc_1h_fin;base;Gut Masher;Fighter;v_f_sd_s;;weapon;;;sd;rare;str
sd_ra_g_c_sc_1h_fin;c_mag;Gut Masher;Fighter;v_f_sd_s;;weapon;;;sd;rare;str
sd_ra_g_c_sc_1h_fin;c_str;Gut Masher;Fighter;v_f_sd_s;;weapon;;;sd;rare;str
sd_ra_g_c_sd_2h_fin;base;Lethal Sword;Fighter;v_f_sd2h_s;;weapon;;;sd;rare;str
sd_ra_g_c_sd_2h_fin;c_mag;Lethal Sword;Fighter;v_f_sd2h_s;;weapon;;;sd;rare;str
sd_ra_g_c_sd_2h_fin;o_fin;Lethal Sword;Fighter;v_f_sd2h_s;;weapon;;;sd;rare;str
sd_ra_g_o_bl_1h_avg;base;Vicious Blade;Fighter;v_f_sd_s;;weapon;;;sd;rare;str
sd_ra_g_o_gl_1h_avg;base;Finger Chopper;Fighter;v_f_sd_s;;weapon;;;sd;rare;str
sd_ra_g_o_sd_1h_avg;base;Head Splitter;Fighter;v_f_sd_s;;weapon;;;sd;rare;str
sd_ra_g_o_sd_1h_avg;c_fin;Head Splitter;Fighter;v_f_sd_s;;weapon;;;sd;rare;str
sd_ra_g_o_sd_1h_avg;c_mag;Head Splitter;Fighter;v_f_sd_s;;weapon;;;sd;rare;str
sd_ra_g_o_sd_1h_avg;c_str;Head Splitter;Fighter;v_f_sd_s;;weapon;;;sd;rare;str
sd_ra_g_o_sd_1h_avg;o_fin;Head Splitter;Fighter;v_f_sd_s;;weapon;;;sd;rare;str
sd_ra_g_o_sd_1h_avg;o_mag;Head Splitter;Fighter;v_f_sd_s;;weapon;;;sd;rare;str
sd_ra_g_o_sd_1h_avg;o_str;Head Splitter;Fighter;v_f_sd_s;;weapon;;;sd;rare;str
sd_ra_g_o_st_1h_fin;base;Steel Death;Fighter;v_f_sd_s;;weapon;;;sd;rare;str
sd_ra_g_o_st_1h_fin;c_str;Steel Death;Fighter;v_f_sd_s;;weapon;;;sd;rare;str
sd_ra_g_o_st_1h_fin;o_str;Steel Death;Fighter;v_f_sd_s;;weapon;;;sd;rare;str
sd_ra_g_o_st_2h_avg;base;Leg Cleaver;Fighter;v_f_sd2h_s;;weapon;;;sd;rare;str
sd_ra_g_o_st_2h_avg;c_fin;Leg Cleaver;Fighter;v_f_sd2h_s;;weapon;;;sd;rare;str
sd_ra_g_o_st_2h_avg;c_mag;Leg Cleaver;Fighter;v_f_sd2h_s;;weapon;;;sd;rare;str
sd_ra_g_o_st_2h_avg;o_str;Leg Cleaver;Fighter;v_f_sd2h_s;;weapon;;;sd;rare;str
sd_un_big_1h_d_jagged;base;Jagged Sword;Fighter;v_f_sd_s;;weapon;;;sd;unique;str
sd_un_big_1h_d_square;base;Massive Sword;Fighter;v_f_sd_s;;weapon;;;sd;unique;str
sd_un_big_1h_g_breaker;base;Sword Breaker;Fighter;v_f_sd_s;;weapon;;;sd;unique;str
sd_un_big_1h_g_cleaver;base;Sickle Sword;Fighter;v_f_sd_s;;weapon;;;sd;unique;str
sd_un_big_1h_g_flame;base;Cascade Sword;Fighter;v_f_sd_s;;weapon;;;sd;unique;str
sd_un_big_1h_g_ornate;base;Starburst Sword;Fighter;v_f_sd_s;;weapon;;;sd;unique;str
sd_un_big_2h_d_barbed;base;Barbed Sword;Fighter;v_f_sd2h_s;;weapon;;;sd;unique;str
sd_un_big_2h_d_serrated;base;Serrated Sword;Fighter;v_f_sd2h_s;;weapon;;;sd;unique;str
sd_un_big_2h_g_eye;base;Onyx Sword;Fighter;v_f_sd2h_s;;weapon;;;sd;unique;str
sd_un_big_2h_g_fork;base;Snake Sword;Fighter;v_f_sd2h_s;;weapon;;;sd;unique;str
sd_un_big_2h_g_split;base;Split Sword;Fighter;v_f_sd2h_s;;weapon;;;sd;unique;str
sd_un_droog_1h_avg;;Droog Sword;Fighter;v_f_sd_s;;weapon;excluded;;sd;unique;str
sd_un_g_1h_angle;base;Edged Sword;Fighter;v_f_sd_s;;weapon;;;sd;unique;str
sd_un_g_1h_phoenix;base;Phoenix Sword;Fighter;v_f_sd_s;;weapon;;;sd;unique;str
sd_un_g_1h_twirl;base;Twisted Sword;Fighter;v_f_sd_s;;weapon;;;sd;unique;str
sd_un_g_1h_wing;base;Dragon Wing;Fighter;v_f_sd_s;;weapon;;;sd;unique;str
sd_un_g_2h_angle;base;Elegant Sword;Fighter;v_f_sd2h_s;;weapon;;;sd;unique;str
sd_un_g_2h_ribbon;base;Union Sword;Fighter;v_f_sd2h_s;;weapon;;;sd;unique;str
sd_un_g_2h_zap;base;Diamond Sword;Fighter;v_f_sd2h_s;;weapon;;;sd;unique;str
sd_un_g_c_sd_1h_mag;base;Jewel Sword;Fighter;v_f_sd_s;;weapon;;;sd;unique;str
sd_un_ice_avg;;Ice Sword;Fighter;v_f_sd_s;;weapon;excluded;;sd;unique;str
sd_un_seck_1h_avg;;Seck Sword;Fighter;v_f_sd_s;;weapon;excluded;;sd;unique;str
sd_un_seck_1h_fin;;Seck Elite Sword;Fighter;v_f_sd_s;;weapon;excluded;;sd;unique;str
ss_g_c_bl_1h_avg;base;Blade;Fighter;v_f_ss;;weapon;;;ss;;str
ss_g_c_bl_1h_avg;o_avg;Blade;Fighter;v_f_ss;;weapon;;;ss;;str
ss_g_c_bl_1h_fun;;Dull Blade;Fighter;v_f_ss;;weapon;;;ss;;str
ss_g_c_gl_1h_avg;base;Gladius;Fighter;v_f_ss;;weapon;;;ss;;str
ss_g_c_gl_1h_avg;c_fin;Gladius;Fighter;v_f_ss;;weapon;;;ss;;str
ss_g_c_gl_1h_fun;;Tarnished Gladius;Fighter;v_f_ss;;weapon;;;ss;;
ss_g_c_gl_1h_low;;Crusted Gladius;Fighter;v_f_ss;;weapon;;;ss;;
ss_g_c_sd_1h_avg;base;Short Sword;Fighter;v_f_ss;;weapon;;;ss;;str
ss_g_c_sd_1h_avg;c_fin;Short Sword;Fighter;v_f_ss;;weapon;;;ss;;str
ss_g_c_sd_1h_avg;c_mag;Short Sword;Fighter;v_f_ss;;weapon;;;ss;;str
ss_g_c_sd_1h_avg;c_str;Short Sword;Fighter;v_f_ss;;weapon;;;ss;;str
ss_g_c_sd_1h_avg;o_avg;Short Sword;Fighter;v_f_ss;;weapon;;;ss;;str
ss_g_c_sd_1h_avg;o_fin;Short Sword;Fighter;v_f_ss;;weapon;;;ss;;str
ss_g_c_st_1h_avg;base;Short Steel;Fighter;v_f_ss;;weapon;;;ss;;str
ss_g_c_st_1h_avg;c_fin;Short Steel;Fighter;v_f_ss;;weapon;;;ss;;str
ss_g_c_st_1h_avg;o_avg;Short Steel;Fighter;v_f_ss;;weapon;;;ss;;str
ss_g_c_st_1h_avg;o_fin;Short Steel;Fighter;v_f_ss;;weapon;;;ss;;str
ss_g_c_st_1h_fun;;Pitted Short Steel;Fighter;v_f_ss;;weapon;;;ss;;str
ss_ra_g_c_gl_1h_fin;base;Pain Gladius;Fighter;v_f_ss;;weapon;;;ss;rare;str
ss_ra_g_c_st_1h_fin;base;Short Impaler;Fighter;v_f_ss;;weapon;;;ss;rare;str
ss_ra_g_c_st_1h_fin;o_avg;Short Impaler;Fighter;v_f_ss;;weapon;;;ss;rare;str
ss_ra_g_c_st_1h_fin;o_fin;Short Impaler;Fighter;v_f_ss;;weapon;;;ss;rare;str
ss_ra_g_o_sd_1h_avg;base;Masher;Fighter;v_f_ss;;weapon;;;ss;rare;str
ss_ra_g_o_sd_1h_avg;c_fin;Masher;Fighter;v_f_ss;;weapon;;;ss;rare;str
ss_ra_g_o_sd_1h_avg;c_mag;Masher;Fighter;v_f_ss;;weapon;;;ss;rare;str
ss_ra_g_o_sd_1h_avg;o_fin;Masher;Fighter;v_f_ss;;weapon;;;ss;rare;str
ss_un_gl_rusk;;Crude Gladius;Fighter;v_f_ss;;weapon;excluded;;ss;unique;
test_rock_krug;;Rock;Ranger;v_excluded;;weapon;excluded;;;;
